"Name","Version","License","Source"
"@adobe/css-tools","4.5.0","MIT","C:\Users\Bangonkali\Desktop\Projects\uocr\baidu-unlimited-ocr-portable\src\trapo-client\node_modules\@adobe\css-tools\package.json"
"@babel/code-frame","7.29.7","MIT","C:\Users\Bangonkali\Desktop\Projects\uocr\baidu-unlimited-ocr-portable\src\trapo-client\node_modules\@babel\code-frame\package.json"
"@babel/compat-data","7.29.7","MIT","C:\Users\Bangonkali\Desktop\Projects\uocr\baidu-unlimited-ocr-portable\src\trapo-client\node_modules\@babel\compat-data\package.json"
"@babel/core","7.29.7","MIT","C:\Users\Bangonkali\Desktop\Projects\uocr\baidu-unlimited-ocr-portable\src\trapo-client\node_modules\@babel\core\package.json"
"@babel/generator","7.29.7","MIT","C:\Users\Bangonkali\Desktop\Projects\uocr\baidu-unlimited-ocr-portable\src\trapo-client\node_modules\@babel\generator\package.json"
"@babel/helper-compilation-targets","7.29.7","MIT","C:\Users\Bangonkali\Desktop\Projects\uocr\baidu-unlimited-ocr-portable\src\trapo-client\node_modules\@babel\helper-compilation-targets\package.json"
"@babel/helper-globals","7.29.7","MIT","C:\Users\Bangonkali\Desktop\Projects\uocr\baidu-unlimited-ocr-portable\src\trapo-client\node_modules\@babel\helper-globals\package.json"
"@babel/helper-module-imports","7.29.7","MIT","C:\Users\Bangonkali\Desktop\Projects\uocr\baidu-unlimited-ocr-portable\src\trapo-client\node_modules\@babel\helper-module-imports\package.json"
"@babel/helper-module-transforms","7.29.7","MIT","C:\Users\Bangonkali\Desktop\Projects\uocr\baidu-unlimited-ocr-portable\src\trapo-client\node_modules\@babel\helper-module-transforms\package.json"
"@babel/helper-string-parser","7.29.7","MIT","C:\Users\Bangonkali\Desktop\Projects\uocr\baidu-unlimited-ocr-portable\src\trapo-client\node_modules\@babel\helper-string-parser\package.json"
"@babel/helper-validator-identifier","7.29.7","MIT","C:\Users\Bangonkali\Desktop\Projects\uocr\baidu-unlimited-ocr-portable\src\trapo-client\node_modules\@babel\helper-validator-identifier\package.json"
"@babel/helper-validator-option","7.29.7","MIT","C:\Users\Bangonkali\Desktop\Projects\uocr\baidu-unlimited-ocr-portable\src\trapo-client\node_modules\@babel\helper-validator-option\package.json"
"@babel/helpers","7.29.7","MIT","C:\Users\Bangonkali\Desktop\Projects\uocr\baidu-unlimited-ocr-portable\src\trapo-client\node_modules\@babel\helpers\package.json"
"@babel/parser","7.29.7","MIT","C:\Users\Bangonkali\Desktop\Projects\uocr\baidu-unlimited-ocr-portable\src\trapo-client\node_modules\@babel\parser\package.json"
"@babel/runtime","7.29.7","MIT","C:\Users\Bangonkali\Desktop\Projects\uocr\baidu-unlimited-ocr-portable\src\trapo-client\node_modules\@babel\runtime\package.json"
"@babel/template","7.29.7","MIT","C:\Users\Bangonkali\Desktop\Projects\uocr\baidu-unlimited-ocr-portable\src\trapo-client\node_modules\@babel\template\package.json"
"@babel/traverse","7.29.7","MIT","C:\Users\Bangonkali\Desktop\Projects\uocr\baidu-unlimited-ocr-portable\src\trapo-client\node_modules\@babel\traverse\package.json"
"@babel/types","7.29.7","MIT","C:\Users\Bangonkali\Desktop\Projects\uocr\baidu-unlimited-ocr-portable\src\trapo-client\node_modules\@babel\types\package.json"
"@biomejs/biome","2.5.1","MIT OR Apache-2.0","C:\Users\Bangonkali\Desktop\Projects\uocr\baidu-unlimited-ocr-portable\src\trapo-client\node_modules\@biomejs\biome\package.json"
"@biomejs/cli-win32-x64","2.5.1","MIT OR Apache-2.0","C:\Users\Bangonkali\Desktop\Projects\uocr\baidu-unlimited-ocr-portable\src\trapo-client\node_modules\@biomejs\cli-win32-x64\package.json"
"@commander-js/extra-typings","15.0.0","MIT","C:\Users\Bangonkali\Desktop\Projects\uocr\baidu-unlimited-ocr-portable\src\trapo-client\node_modules\@commander-js\extra-typings\package.json"
"@esbuild/win32-x64","0.28.1","MIT","C:\Users\Bangonkali\Desktop\Projects\uocr\baidu-unlimited-ocr-portable\src\trapo-client\node_modules\@esbuild\win32-x64\package.json"
"@fastify/deepmerge","3.2.1","MIT","C:\Users\Bangonkali\Desktop\Projects\uocr\baidu-unlimited-ocr-portable\src\trapo-client\node_modules\@fastify\deepmerge\package.json"
"@floating-ui/core","1.7.5","MIT","C:\Users\Bangonkali\Desktop\Projects\uocr\baidu-unlimited-ocr-portable\src\trapo-client\node_modules\@floating-ui\core\package.json"
"@floating-ui/dom","1.7.6","MIT","C:\Users\Bangonkali\Desktop\Projects\uocr\baidu-unlimited-ocr-portable\src\trapo-client\node_modules\@floating-ui\dom\package.json"
"@floating-ui/react-dom","2.1.8","MIT","C:\Users\Bangonkali\Desktop\Projects\uocr\baidu-unlimited-ocr-portable\src\trapo-client\node_modules\@floating-ui\react-dom\package.json"
"@floating-ui/utils","0.2.11","MIT","C:\Users\Bangonkali\Desktop\Projects\uocr\baidu-unlimited-ocr-portable\src\trapo-client\node_modules\@floating-ui\utils\package.json"
"@gerrit0/mini-shiki","3.23.0","MIT","C:\Users\Bangonkali\Desktop\Projects\uocr\baidu-unlimited-ocr-portable\src\trapo-client\node_modules\@gerrit0\mini-shiki\package.json"
"@gilbarbara/deep-equal","0.4.1","MIT","C:\Users\Bangonkali\Desktop\Projects\uocr\baidu-unlimited-ocr-portable\src\trapo-client\node_modules\@gilbarbara\deep-equal\package.json"
"@gilbarbara/hooks","0.11.0","MIT","C:\Users\Bangonkali\Desktop\Projects\uocr\baidu-unlimited-ocr-portable\src\trapo-client\node_modules\@gilbarbara\hooks\package.json"
"@gilbarbara/types","0.2.2","MIT","C:\Users\Bangonkali\Desktop\Projects\uocr\baidu-unlimited-ocr-portable\src\trapo-client\node_modules\@gilbarbara\types\package.json"
"@joshwooding/vite-plugin-react-docgen-typescript","0.7.0","MIT","C:\Users\Bangonkali\Desktop\Projects\uocr\baidu-unlimited-ocr-portable\src\trapo-client\node_modules\@joshwooding\vite-plugin-react-docgen-typescript\package.json"
"@jridgewell/gen-mapping","0.3.13","MIT","C:\Users\Bangonkali\Desktop\Projects\uocr\baidu-unlimited-ocr-portable\src\trapo-client\node_modules\@jridgewell\gen-mapping\package.json"
"@jridgewell/remapping","2.3.5","MIT","C:\Users\Bangonkali\Desktop\Projects\uocr\baidu-unlimited-ocr-portable\src\trapo-client\node_modules\@jridgewell\remapping\package.json"
"@jridgewell/resolve-uri","3.1.2","MIT","C:\Users\Bangonkali\Desktop\Projects\uocr\baidu-unlimited-ocr-portable\src\trapo-client\node_modules\@jridgewell\resolve-uri\package.json"
"@jridgewell/sourcemap-codec","1.5.5","MIT","C:\Users\Bangonkali\Desktop\Projects\uocr\baidu-unlimited-ocr-portable\src\trapo-client\node_modules\@jridgewell\sourcemap-codec\package.json"
"@jridgewell/trace-mapping","0.3.31","MIT","C:\Users\Bangonkali\Desktop\Projects\uocr\baidu-unlimited-ocr-portable\src\trapo-client\node_modules\@jridgewell\trace-mapping\package.json"
"@mdx-js/react","3.1.1","MIT","C:\Users\Bangonkali\Desktop\Projects\uocr\baidu-unlimited-ocr-portable\src\trapo-client\node_modules\@mdx-js\react\package.json"
"@my-scope/package-a","0.0.0","MIT","C:\Users\Bangonkali\Desktop\Projects\uocr\baidu-unlimited-ocr-portable\src\trapo-client\node_modules\resolve\test\resolver\multirepo\packages\package-a\package.json"
"@my-scope/package-b","0.0.0","MIT","C:\Users\Bangonkali\Desktop\Projects\uocr\baidu-unlimited-ocr-portable\src\trapo-client\node_modules\resolve\test\resolver\multirepo\packages\package-b\package.json"
"@orval/angular","8.19.0","MIT","C:\Users\Bangonkali\Desktop\Projects\uocr\baidu-unlimited-ocr-portable\src\trapo-client\node_modules\@orval\angular\package.json"
"@orval/axios","8.19.0","MIT","C:\Users\Bangonkali\Desktop\Projects\uocr\baidu-unlimited-ocr-portable\src\trapo-client\node_modules\@orval\axios\package.json"
"@orval/core","8.19.0","MIT","C:\Users\Bangonkali\Desktop\Projects\uocr\baidu-unlimited-ocr-portable\src\trapo-client\node_modules\@orval\core\package.json"
"@orval/effect","8.19.0","MIT","C:\Users\Bangonkali\Desktop\Projects\uocr\baidu-unlimited-ocr-portable\src\trapo-client\node_modules\@orval\effect\package.json"
"@orval/fetch","8.19.0","MIT","C:\Users\Bangonkali\Desktop\Projects\uocr\baidu-unlimited-ocr-portable\src\trapo-client\node_modules\@orval\fetch\package.json"
"@orval/hono","8.19.0","MIT","C:\Users\Bangonkali\Desktop\Projects\uocr\baidu-unlimited-ocr-portable\src\trapo-client\node_modules\@orval\hono\package.json"
"@orval/mcp","8.19.0","MIT","C:\Users\Bangonkali\Desktop\Projects\uocr\baidu-unlimited-ocr-portable\src\trapo-client\node_modules\@orval\mcp\package.json"
"@orval/mock","8.19.0","MIT","C:\Users\Bangonkali\Desktop\Projects\uocr\baidu-unlimited-ocr-portable\src\trapo-client\node_modules\@orval\mock\package.json"
"@orval/query","8.19.0","MIT","C:\Users\Bangonkali\Desktop\Projects\uocr\baidu-unlimited-ocr-portable\src\trapo-client\node_modules\@orval\query\package.json"
"@orval/solid-start","8.19.0","MIT","C:\Users\Bangonkali\Desktop\Projects\uocr\baidu-unlimited-ocr-portable\src\trapo-client\node_modules\@orval\solid-start\package.json"
"@orval/swr","8.19.0","MIT","C:\Users\Bangonkali\Desktop\Projects\uocr\baidu-unlimited-ocr-portable\src\trapo-client\node_modules\@orval\swr\package.json"
"@orval/zod","8.19.0","MIT","C:\Users\Bangonkali\Desktop\Projects\uocr\baidu-unlimited-ocr-portable\src\trapo-client\node_modules\@orval\zod\package.json"
"@oxc-parser/binding-win32-x64-msvc","0.127.0","MIT","C:\Users\Bangonkali\Desktop\Projects\uocr\baidu-unlimited-ocr-portable\src\trapo-client\node_modules\@oxc-parser\binding-win32-x64-msvc\package.json"
"@oxc-project/types","0.127.0","MIT","C:\Users\Bangonkali\Desktop\Projects\uocr\baidu-unlimited-ocr-portable\src\trapo-client\node_modules\@oxc-project\types\package.json"
"@oxc-project/types","0.137.0","MIT","C:\Users\Bangonkali\Desktop\Projects\uocr\baidu-unlimited-ocr-portable\src\trapo-client\node_modules\rolldown\node_modules\@oxc-project\types\package.json"
"@oxc-resolver/binding-win32-x64-msvc","11.21.3","MIT","C:\Users\Bangonkali\Desktop\Projects\uocr\baidu-unlimited-ocr-portable\src\trapo-client\node_modules\@oxc-resolver\binding-win32-x64-msvc\package.json"
"@radix-ui/number","1.1.2","MIT","C:\Users\Bangonkali\Desktop\Projects\uocr\baidu-unlimited-ocr-portable\src\trapo-client\node_modules\@radix-ui\number\package.json"
"@radix-ui/primitive","1.1.4","MIT","C:\Users\Bangonkali\Desktop\Projects\uocr\baidu-unlimited-ocr-portable\src\trapo-client\node_modules\@radix-ui\primitive\package.json"
"@radix-ui/primitive","1.1.5","MIT","C:\Users\Bangonkali\Desktop\Projects\uocr\baidu-unlimited-ocr-portable\src\trapo-client\node_modules\@radix-ui\react-scroll-area\node_modules\@radix-ui\primitive\package.json"
"@radix-ui/react-arrow","1.1.11","MIT","C:\Users\Bangonkali\Desktop\Projects\uocr\baidu-unlimited-ocr-portable\src\trapo-client\node_modules\@radix-ui\react-menu\node_modules\@radix-ui\react-popper\node_modules\@radix-ui\react-arrow\package.json"
"@radix-ui/react-arrow","1.1.9","MIT","C:\Users\Bangonkali\Desktop\Projects\uocr\baidu-unlimited-ocr-portable\src\trapo-client\node_modules\@radix-ui\react-arrow\package.json"
"@radix-ui/react-checkbox","1.3.4","MIT","C:\Users\Bangonkali\Desktop\Projects\uocr\baidu-unlimited-ocr-portable\src\trapo-client\node_modules\@radix-ui\react-checkbox\package.json"
"@radix-ui/react-collection","1.1.11","MIT","C:\Users\Bangonkali\Desktop\Projects\uocr\baidu-unlimited-ocr-portable\src\trapo-client\node_modules\@radix-ui\react-collection\package.json"
"@radix-ui/react-compose-refs","1.1.3","MIT","C:\Users\Bangonkali\Desktop\Projects\uocr\baidu-unlimited-ocr-portable\src\trapo-client\node_modules\@radix-ui\react-compose-refs\package.json"
"@radix-ui/react-context","1.1.4","MIT","C:\Users\Bangonkali\Desktop\Projects\uocr\baidu-unlimited-ocr-portable\src\trapo-client\node_modules\@radix-ui\react-context\package.json"
"@radix-ui/react-context","1.2.0","MIT","C:\Users\Bangonkali\Desktop\Projects\uocr\baidu-unlimited-ocr-portable\src\trapo-client\node_modules\@radix-ui\react-scroll-area\node_modules\@radix-ui\react-context\package.json"
"@radix-ui/react-dialog","1.1.18","MIT","C:\Users\Bangonkali\Desktop\Projects\uocr\baidu-unlimited-ocr-portable\src\trapo-client\node_modules\@radix-ui\react-dialog\package.json"
"@radix-ui/react-direction","1.1.2","MIT","C:\Users\Bangonkali\Desktop\Projects\uocr\baidu-unlimited-ocr-portable\src\trapo-client\node_modules\@radix-ui\react-direction\package.json"
"@radix-ui/react-dismissable-layer","1.1.12","MIT","C:\Users\Bangonkali\Desktop\Projects\uocr\baidu-unlimited-ocr-portable\src\trapo-client\node_modules\@radix-ui\react-dismissable-layer\package.json"
"@radix-ui/react-dismissable-layer","1.1.14","MIT","C:\Users\Bangonkali\Desktop\Projects\uocr\baidu-unlimited-ocr-portable\src\trapo-client\node_modules\@radix-ui\react-dialog\node_modules\@radix-ui\react-dismissable-layer\package.json"
"@radix-ui/react-dropdown-menu","2.1.19","MIT","C:\Users\Bangonkali\Desktop\Projects\uocr\baidu-unlimited-ocr-portable\src\trapo-client\node_modules\@radix-ui\react-dropdown-menu\package.json"
"@radix-ui/react-focus-guards","1.1.4","MIT","C:\Users\Bangonkali\Desktop\Projects\uocr\baidu-unlimited-ocr-portable\src\trapo-client\node_modules\@radix-ui\react-focus-guards\package.json"
"@radix-ui/react-focus-scope","1.1.11","MIT","C:\Users\Bangonkali\Desktop\Projects\uocr\baidu-unlimited-ocr-portable\src\trapo-client\node_modules\@radix-ui\react-focus-scope\package.json"
"@radix-ui/react-id","1.1.2","MIT","C:\Users\Bangonkali\Desktop\Projects\uocr\baidu-unlimited-ocr-portable\src\trapo-client\node_modules\@radix-ui\react-id\package.json"
"@radix-ui/react-menu","2.1.19","MIT","C:\Users\Bangonkali\Desktop\Projects\uocr\baidu-unlimited-ocr-portable\src\trapo-client\node_modules\@radix-ui\react-menu\package.json"
"@radix-ui/react-popper","1.3.0","MIT","C:\Users\Bangonkali\Desktop\Projects\uocr\baidu-unlimited-ocr-portable\src\trapo-client\node_modules\@radix-ui\react-popper\package.json"
"@radix-ui/react-popper","1.3.2","MIT","C:\Users\Bangonkali\Desktop\Projects\uocr\baidu-unlimited-ocr-portable\src\trapo-client\node_modules\@radix-ui\react-menu\node_modules\@radix-ui\react-popper\package.json"
"@radix-ui/react-portal","1.1.11","MIT","C:\Users\Bangonkali\Desktop\Projects\uocr\baidu-unlimited-ocr-portable\src\trapo-client\node_modules\@radix-ui\react-portal\package.json"
"@radix-ui/react-portal","1.1.13","MIT","C:\Users\Bangonkali\Desktop\Projects\uocr\baidu-unlimited-ocr-portable\src\trapo-client\node_modules\@radix-ui\react-menu\node_modules\@radix-ui\react-portal\package.json"
"@radix-ui/react-presence","1.1.6","MIT","C:\Users\Bangonkali\Desktop\Projects\uocr\baidu-unlimited-ocr-portable\src\trapo-client\node_modules\@radix-ui\react-presence\package.json"
"@radix-ui/react-presence","1.1.7","MIT","C:\Users\Bangonkali\Desktop\Projects\uocr\baidu-unlimited-ocr-portable\src\trapo-client\node_modules\@radix-ui\react-scroll-area\node_modules\@radix-ui\react-presence\package.json"
"@radix-ui/react-primitive","2.1.5","MIT","C:\Users\Bangonkali\Desktop\Projects\uocr\baidu-unlimited-ocr-portable\src\trapo-client\node_modules\@radix-ui\react-primitive\package.json"
"@radix-ui/react-primitive","2.1.7","MIT","C:\Users\Bangonkali\Desktop\Projects\uocr\baidu-unlimited-ocr-portable\src\trapo-client\node_modules\@radix-ui\react-scroll-area\node_modules\@radix-ui\react-primitive\package.json"
"@radix-ui/react-roving-focus","1.1.14","MIT","C:\Users\Bangonkali\Desktop\Projects\uocr\baidu-unlimited-ocr-portable\src\trapo-client\node_modules\@radix-ui\react-roving-focus\package.json"
"@radix-ui/react-scroll-area","1.2.14","MIT","C:\Users\Bangonkali\Desktop\Projects\uocr\baidu-unlimited-ocr-portable\src\trapo-client\node_modules\@radix-ui\react-scroll-area\package.json"
"@radix-ui/react-slot","1.2.5","MIT","C:\Users\Bangonkali\Desktop\Projects\uocr\baidu-unlimited-ocr-portable\src\trapo-client\node_modules\@radix-ui\react-slot\package.json"
"@radix-ui/react-slot","1.3.0","MIT","C:\Users\Bangonkali\Desktop\Projects\uocr\baidu-unlimited-ocr-portable\src\trapo-client\node_modules\@radix-ui\react-focus-scope\node_modules\@radix-ui\react-primitive\node_modules\@radix-ui\react-slot\package.json"
"@radix-ui/react-tooltip","1.2.9","MIT","C:\Users\Bangonkali\Desktop\Projects\uocr\baidu-unlimited-ocr-portable\src\trapo-client\node_modules\@radix-ui\react-tooltip\package.json"
"@radix-ui/react-use-callback-ref","1.1.2","MIT","C:\Users\Bangonkali\Desktop\Projects\uocr\baidu-unlimited-ocr-portable\src\trapo-client\node_modules\@radix-ui\react-use-callback-ref\package.json"
"@radix-ui/react-use-controllable-state","1.2.3","MIT","C:\Users\Bangonkali\Desktop\Projects\uocr\baidu-unlimited-ocr-portable\src\trapo-client\node_modules\@radix-ui\react-use-controllable-state\package.json"
"@radix-ui/react-use-effect-event","0.0.3","MIT","C:\Users\Bangonkali\Desktop\Projects\uocr\baidu-unlimited-ocr-portable\src\trapo-client\node_modules\@radix-ui\react-use-effect-event\package.json"
"@radix-ui/react-use-escape-keydown","1.1.2","MIT","C:\Users\Bangonkali\Desktop\Projects\uocr\baidu-unlimited-ocr-portable\src\trapo-client\node_modules\@radix-ui\react-use-escape-keydown\package.json"
"@radix-ui/react-use-layout-effect","1.1.2","MIT","C:\Users\Bangonkali\Desktop\Projects\uocr\baidu-unlimited-ocr-portable\src\trapo-client\node_modules\@radix-ui\react-use-layout-effect\package.json"
"@radix-ui/react-use-previous","1.1.2","MIT","C:\Users\Bangonkali\Desktop\Projects\uocr\baidu-unlimited-ocr-portable\src\trapo-client\node_modules\@radix-ui\react-use-previous\package.json"
"@radix-ui/react-use-rect","1.1.2","MIT","C:\Users\Bangonkali\Desktop\Projects\uocr\baidu-unlimited-ocr-portable\src\trapo-client\node_modules\@radix-ui\react-use-rect\package.json"
"@radix-ui/react-use-size","1.1.2","MIT","C:\Users\Bangonkali\Desktop\Projects\uocr\baidu-unlimited-ocr-portable\src\trapo-client\node_modules\@radix-ui\react-use-size\package.json"
"@radix-ui/react-visually-hidden","1.2.5","MIT","C:\Users\Bangonkali\Desktop\Projects\uocr\baidu-unlimited-ocr-portable\src\trapo-client\node_modules\@radix-ui\react-visually-hidden\package.json"
"@radix-ui/rect","1.1.2","MIT","C:\Users\Bangonkali\Desktop\Projects\uocr\baidu-unlimited-ocr-portable\src\trapo-client\node_modules\@radix-ui\rect\package.json"
"@rolldown/binding-win32-x64-msvc","1.1.3","MIT","C:\Users\Bangonkali\Desktop\Projects\uocr\baidu-unlimited-ocr-portable\src\trapo-client\node_modules\@rolldown\binding-win32-x64-msvc\package.json"
"@rolldown/pluginutils","1.0.1","MIT","C:\Users\Bangonkali\Desktop\Projects\uocr\baidu-unlimited-ocr-portable\src\trapo-client\node_modules\@rolldown\pluginutils\package.json"
"@rollup/pluginutils","5.4.0","MIT","C:\Users\Bangonkali\Desktop\Projects\uocr\baidu-unlimited-ocr-portable\src\trapo-client\node_modules\@rollup\pluginutils\package.json"
"@scalar/helpers","0.9.0","MIT","C:\Users\Bangonkali\Desktop\Projects\uocr\baidu-unlimited-ocr-portable\src\trapo-client\node_modules\@scalar\helpers\package.json"
"@scalar/json-magic","0.12.17","MIT","C:\Users\Bangonkali\Desktop\Projects\uocr\baidu-unlimited-ocr-portable\src\trapo-client\node_modules\@scalar\json-magic\package.json"
"@scalar/openapi-parser","0.28.8","MIT","C:\Users\Bangonkali\Desktop\Projects\uocr\baidu-unlimited-ocr-portable\src\trapo-client\node_modules\@scalar\openapi-parser\package.json"
"@scalar/openapi-types","0.8.0","MIT","C:\Users\Bangonkali\Desktop\Projects\uocr\baidu-unlimited-ocr-portable\src\trapo-client\node_modules\@scalar\openapi-types\package.json"
"@scalar/openapi-types","0.9.1","MIT","C:\Users\Bangonkali\Desktop\Projects\uocr\baidu-unlimited-ocr-portable\src\trapo-client\node_modules\@scalar\openapi-upgrader\node_modules\@scalar\openapi-types\package.json"
"@scalar/openapi-upgrader","0.2.9","MIT","C:\Users\Bangonkali\Desktop\Projects\uocr\baidu-unlimited-ocr-portable\src\trapo-client\node_modules\@scalar\openapi-upgrader\package.json"
"@sec-ant/readable-stream","0.4.1","MIT","C:\Users\Bangonkali\Desktop\Projects\uocr\baidu-unlimited-ocr-portable\src\trapo-client\node_modules\@sec-ant\readable-stream\package.json"
"@shikijs/engine-oniguruma","3.23.0","MIT","C:\Users\Bangonkali\Desktop\Projects\uocr\baidu-unlimited-ocr-portable\src\trapo-client\node_modules\@shikijs\engine-oniguruma\package.json"
"@shikijs/langs","3.23.0","MIT","C:\Users\Bangonkali\Desktop\Projects\uocr\baidu-unlimited-ocr-portable\src\trapo-client\node_modules\@shikijs\langs\package.json"
"@shikijs/themes","3.23.0","MIT","C:\Users\Bangonkali\Desktop\Projects\uocr\baidu-unlimited-ocr-portable\src\trapo-client\node_modules\@shikijs\themes\package.json"
"@shikijs/types","3.23.0","MIT","C:\Users\Bangonkali\Desktop\Projects\uocr\baidu-unlimited-ocr-portable\src\trapo-client\node_modules\@shikijs\types\package.json"
"@shikijs/vscode-textmate","10.0.2","MIT","C:\Users\Bangonkali\Desktop\Projects\uocr\baidu-unlimited-ocr-portable\src\trapo-client\node_modules\@shikijs\vscode-textmate\package.json"
"@sindresorhus/merge-streams","4.0.0","MIT","C:\Users\Bangonkali\Desktop\Projects\uocr\baidu-unlimited-ocr-portable\src\trapo-client\node_modules\@sindresorhus\merge-streams\package.json"
"@storybook/addon-a11y","10.4.6","MIT","C:\Users\Bangonkali\Desktop\Projects\uocr\baidu-unlimited-ocr-portable\src\trapo-client\node_modules\@storybook\addon-a11y\package.json"
"@storybook/addon-docs","10.4.6","MIT","C:\Users\Bangonkali\Desktop\Projects\uocr\baidu-unlimited-ocr-portable\src\trapo-client\node_modules\@storybook\addon-docs\package.json"
"@storybook/builder-vite","10.4.6","MIT","C:\Users\Bangonkali\Desktop\Projects\uocr\baidu-unlimited-ocr-portable\src\trapo-client\node_modules\@storybook\builder-vite\package.json"
"@storybook/csf-plugin","10.4.6","MIT","C:\Users\Bangonkali\Desktop\Projects\uocr\baidu-unlimited-ocr-portable\src\trapo-client\node_modules\@storybook\csf-plugin\package.json"
"@storybook/global","5.0.0","MIT","C:\Users\Bangonkali\Desktop\Projects\uocr\baidu-unlimited-ocr-portable\src\trapo-client\node_modules\@storybook\global\package.json"
"@storybook/icons","2.1.0","MIT","C:\Users\Bangonkali\Desktop\Projects\uocr\baidu-unlimited-ocr-portable\src\trapo-client\node_modules\@storybook\icons\package.json"
"@storybook/react","10.4.6","MIT","C:\Users\Bangonkali\Desktop\Projects\uocr\baidu-unlimited-ocr-portable\src\trapo-client\node_modules\@storybook\react\package.json"
"@storybook/react-dom-shim","10.4.6","MIT","C:\Users\Bangonkali\Desktop\Projects\uocr\baidu-unlimited-ocr-portable\src\trapo-client\node_modules\@storybook\react-dom-shim\package.json"
"@storybook/react-vite","10.4.6","MIT","C:\Users\Bangonkali\Desktop\Projects\uocr\baidu-unlimited-ocr-portable\src\trapo-client\node_modules\@storybook\react-vite\package.json"
"@tanstack/devtools-event-client","0.4.4","MIT","C:\Users\Bangonkali\Desktop\Projects\uocr\baidu-unlimited-ocr-portable\src\trapo-client\node_modules\@tanstack\devtools-event-client\package.json"
"@tanstack/history","1.162.0","MIT","C:\Users\Bangonkali\Desktop\Projects\uocr\baidu-unlimited-ocr-portable\src\trapo-client\node_modules\@tanstack\history\package.json"
"@tanstack/pacer","0.21.1","MIT","C:\Users\Bangonkali\Desktop\Projects\uocr\baidu-unlimited-ocr-portable\src\trapo-client\node_modules\@tanstack\pacer\package.json"
"@tanstack/query-core","5.101.2","MIT","C:\Users\Bangonkali\Desktop\Projects\uocr\baidu-unlimited-ocr-portable\src\trapo-client\node_modules\@tanstack\query-core\package.json"
"@tanstack/react-pacer","0.22.1","MIT","C:\Users\Bangonkali\Desktop\Projects\uocr\baidu-unlimited-ocr-portable\src\trapo-client\node_modules\@tanstack\react-pacer\package.json"
"@tanstack/react-query","5.101.2","MIT","C:\Users\Bangonkali\Desktop\Projects\uocr\baidu-unlimited-ocr-portable\src\trapo-client\node_modules\@tanstack\react-query\package.json"
"@tanstack/react-router","1.170.16","MIT","C:\Users\Bangonkali\Desktop\Projects\uocr\baidu-unlimited-ocr-portable\src\trapo-client\node_modules\@tanstack\react-router\package.json"
"@tanstack/react-store","0.11.0","MIT","C:\Users\Bangonkali\Desktop\Projects\uocr\baidu-unlimited-ocr-portable\src\trapo-client\node_modules\@tanstack\react-store\package.json"
"@tanstack/react-store","0.9.3","MIT","C:\Users\Bangonkali\Desktop\Projects\uocr\baidu-unlimited-ocr-portable\src\trapo-client\node_modules\@tanstack\react-router\node_modules\@tanstack\react-store\package.json"
"@tanstack/react-table","8.21.3","MIT","C:\Users\Bangonkali\Desktop\Projects\uocr\baidu-unlimited-ocr-portable\src\trapo-client\node_modules\@tanstack\react-table\package.json"
"@tanstack/react-virtual","3.14.4","MIT","C:\Users\Bangonkali\Desktop\Projects\uocr\baidu-unlimited-ocr-portable\src\trapo-client\node_modules\@tanstack\react-virtual\package.json"
"@tanstack/router-cli","1.167.17","MIT","C:\Users\Bangonkali\Desktop\Projects\uocr\baidu-unlimited-ocr-portable\src\trapo-client\node_modules\@tanstack\router-cli\package.json"
"@tanstack/router-core","1.171.13","MIT","C:\Users\Bangonkali\Desktop\Projects\uocr\baidu-unlimited-ocr-portable\src\trapo-client\node_modules\@tanstack\router-core\package.json"
"@tanstack/router-generator","1.167.17","MIT","C:\Users\Bangonkali\Desktop\Projects\uocr\baidu-unlimited-ocr-portable\src\trapo-client\node_modules\@tanstack\router-generator\package.json"
"@tanstack/router-plugin","1.168.18","MIT","C:\Users\Bangonkali\Desktop\Projects\uocr\baidu-unlimited-ocr-portable\src\trapo-client\node_modules\@tanstack\router-plugin\package.json"
"@tanstack/router-utils","1.162.2","MIT","C:\Users\Bangonkali\Desktop\Projects\uocr\baidu-unlimited-ocr-portable\src\trapo-client\node_modules\@tanstack\router-utils\package.json"
"@tanstack/store","0.11.0","MIT","C:\Users\Bangonkali\Desktop\Projects\uocr\baidu-unlimited-ocr-portable\src\trapo-client\node_modules\@tanstack\store\package.json"
"@tanstack/store","0.9.3","MIT","C:\Users\Bangonkali\Desktop\Projects\uocr\baidu-unlimited-ocr-portable\src\trapo-client\node_modules\@tanstack\react-router\node_modules\@tanstack\react-store\node_modules\@tanstack\store\package.json"
"@tanstack/table-core","8.21.3","MIT","C:\Users\Bangonkali\Desktop\Projects\uocr\baidu-unlimited-ocr-portable\src\trapo-client\node_modules\@tanstack\table-core\package.json"
"@tanstack/virtual-core","3.17.2","MIT","C:\Users\Bangonkali\Desktop\Projects\uocr\baidu-unlimited-ocr-portable\src\trapo-client\node_modules\@tanstack\virtual-core\package.json"
"@tanstack/virtual-file-routes","1.162.0","MIT","C:\Users\Bangonkali\Desktop\Projects\uocr\baidu-unlimited-ocr-portable\src\trapo-client\node_modules\@tanstack\virtual-file-routes\package.json"
"@testing-library/dom","10.4.1","MIT","C:\Users\Bangonkali\Desktop\Projects\uocr\baidu-unlimited-ocr-portable\src\trapo-client\node_modules\@testing-library\dom\package.json"
"@testing-library/jest-dom","6.9.1","MIT","C:\Users\Bangonkali\Desktop\Projects\uocr\baidu-unlimited-ocr-portable\src\trapo-client\node_modules\@testing-library\jest-dom\package.json"
"@testing-library/user-event","14.6.1","MIT","C:\Users\Bangonkali\Desktop\Projects\uocr\baidu-unlimited-ocr-portable\src\trapo-client\node_modules\@testing-library\user-event\package.json"
"@types/aria-query","5.0.4","MIT","C:\Users\Bangonkali\Desktop\Projects\uocr\baidu-unlimited-ocr-portable\src\trapo-client\node_modules\@types\aria-query\package.json"
"@types/babel__core","7.20.5","MIT","C:\Users\Bangonkali\Desktop\Projects\uocr\baidu-unlimited-ocr-portable\src\trapo-client\node_modules\@types\babel__core\package.json"
"@types/babel__generator","7.27.0","MIT","C:\Users\Bangonkali\Desktop\Projects\uocr\baidu-unlimited-ocr-portable\src\trapo-client\node_modules\@types\babel__generator\package.json"
"@types/babel__template","7.4.4","MIT","C:\Users\Bangonkali\Desktop\Projects\uocr\baidu-unlimited-ocr-portable\src\trapo-client\node_modules\@types\babel__template\package.json"
"@types/babel__traverse","7.28.0","MIT","C:\Users\Bangonkali\Desktop\Projects\uocr\baidu-unlimited-ocr-portable\src\trapo-client\node_modules\@types\babel__traverse\package.json"
"@types/chai","5.2.3","MIT","C:\Users\Bangonkali\Desktop\Projects\uocr\baidu-unlimited-ocr-portable\src\trapo-client\node_modules\@types\chai\package.json"
"@types/debug","4.1.13","MIT","C:\Users\Bangonkali\Desktop\Projects\uocr\baidu-unlimited-ocr-portable\src\trapo-client\node_modules\@types\debug\package.json"
"@types/deep-eql","4.0.2","MIT","C:\Users\Bangonkali\Desktop\Projects\uocr\baidu-unlimited-ocr-portable\src\trapo-client\node_modules\@types\deep-eql\package.json"
"@types/doctrine","0.0.9","MIT","C:\Users\Bangonkali\Desktop\Projects\uocr\baidu-unlimited-ocr-portable\src\trapo-client\node_modules\@types\doctrine\package.json"
"@types/estree","1.0.9","MIT","C:\Users\Bangonkali\Desktop\Projects\uocr\baidu-unlimited-ocr-portable\src\trapo-client\node_modules\@types\estree\package.json"
"@types/estree-jsx","1.0.5","MIT","C:\Users\Bangonkali\Desktop\Projects\uocr\baidu-unlimited-ocr-portable\src\trapo-client\node_modules\@types\estree-jsx\package.json"
"@types/hast","3.0.4","MIT","C:\Users\Bangonkali\Desktop\Projects\uocr\baidu-unlimited-ocr-portable\src\trapo-client\node_modules\@types\hast\package.json"
"@types/mdast","4.0.4","MIT","C:\Users\Bangonkali\Desktop\Projects\uocr\baidu-unlimited-ocr-portable\src\trapo-client\node_modules\@types\mdast\package.json"
"@types/mdx","2.0.14","MIT","C:\Users\Bangonkali\Desktop\Projects\uocr\baidu-unlimited-ocr-portable\src\trapo-client\node_modules\@types\mdx\package.json"
"@types/ms","2.1.0","MIT","C:\Users\Bangonkali\Desktop\Projects\uocr\baidu-unlimited-ocr-portable\src\trapo-client\node_modules\@types\ms\package.json"
"@types/node","26.0.1","MIT","C:\Users\Bangonkali\Desktop\Projects\uocr\baidu-unlimited-ocr-portable\src\trapo-client\node_modules\@types\node\package.json"
"@types/react","19.2.17","MIT","C:\Users\Bangonkali\Desktop\Projects\uocr\baidu-unlimited-ocr-portable\src\trapo-client\node_modules\@types\react\package.json"
"@types/react-dom","19.2.3","MIT","C:\Users\Bangonkali\Desktop\Projects\uocr\baidu-unlimited-ocr-portable\src\trapo-client\node_modules\@types\react-dom\package.json"
"@types/resolve","1.20.6","MIT","C:\Users\Bangonkali\Desktop\Projects\uocr\baidu-unlimited-ocr-portable\src\trapo-client\node_modules\@types\resolve\package.json"
"@types/unist","2.0.11","MIT","C:\Users\Bangonkali\Desktop\Projects\uocr\baidu-unlimited-ocr-portable\src\trapo-client\node_modules\parse-entities\node_modules\@types\unist\package.json"
"@types/unist","3.0.3","MIT","C:\Users\Bangonkali\Desktop\Projects\uocr\baidu-unlimited-ocr-portable\src\trapo-client\node_modules\@types\unist\package.json"
"@ungap/structured-clone","1.3.2","ISC","C:\Users\Bangonkali\Desktop\Projects\uocr\baidu-unlimited-ocr-portable\src\trapo-client\node_modules\@ungap\structured-clone\package.json"
"@vitejs/plugin-react","6.0.3","MIT","C:\Users\Bangonkali\Desktop\Projects\uocr\baidu-unlimited-ocr-portable\src\trapo-client\node_modules\@vitejs\plugin-react\package.json"
"@vitest/expect","3.2.4","MIT","C:\Users\Bangonkali\Desktop\Projects\uocr\baidu-unlimited-ocr-portable\src\trapo-client\node_modules\@vitest\expect\package.json"
"@vitest/pretty-format","3.2.4","MIT","C:\Users\Bangonkali\Desktop\Projects\uocr\baidu-unlimited-ocr-portable\src\trapo-client\node_modules\@vitest\pretty-format\package.json"
"@vitest/spy","3.2.4","MIT","C:\Users\Bangonkali\Desktop\Projects\uocr\baidu-unlimited-ocr-portable\src\trapo-client\node_modules\@vitest\spy\package.json"
"@vitest/utils","3.2.4","MIT","C:\Users\Bangonkali\Desktop\Projects\uocr\baidu-unlimited-ocr-portable\src\trapo-client\node_modules\@vitest\utils\package.json"
"@webcontainer/env","1.1.1","MIT","C:\Users\Bangonkali\Desktop\Projects\uocr\baidu-unlimited-ocr-portable\src\trapo-client\node_modules\@webcontainer\env\package.json"
"acorn","8.17.0","MIT","C:\Users\Bangonkali\Desktop\Projects\uocr\baidu-unlimited-ocr-portable\src\trapo-client\node_modules\acorn\package.json"
"ajv","8.20.0","MIT","C:\Users\Bangonkali\Desktop\Projects\uocr\baidu-unlimited-ocr-portable\src\trapo-client\node_modules\ajv\package.json"
"ajv-draft-04","1.0.0","MIT","C:\Users\Bangonkali\Desktop\Projects\uocr\baidu-unlimited-ocr-portable\src\trapo-client\node_modules\ajv-draft-04\package.json"
"ajv-formats","3.0.1","MIT","C:\Users\Bangonkali\Desktop\Projects\uocr\baidu-unlimited-ocr-portable\src\trapo-client\node_modules\ajv-formats\package.json"
"ansi-regex","5.0.1","MIT","C:\Users\Bangonkali\Desktop\Projects\uocr\baidu-unlimited-ocr-portable\src\trapo-client\node_modules\ansi-regex\package.json"
"ansi-styles","4.3.0","MIT","C:\Users\Bangonkali\Desktop\Projects\uocr\baidu-unlimited-ocr-portable\src\trapo-client\node_modules\ansi-styles\package.json"
"ansi-styles","5.2.0","MIT","C:\Users\Bangonkali\Desktop\Projects\uocr\baidu-unlimited-ocr-portable\src\trapo-client\node_modules\pretty-format\node_modules\ansi-styles\package.json"
"ansis","4.3.1","ISC","C:\Users\Bangonkali\Desktop\Projects\uocr\baidu-unlimited-ocr-portable\src\trapo-client\node_modules\ansis\package.json"
"argparse","2.0.1","Python-2.0","C:\Users\Bangonkali\Desktop\Projects\uocr\baidu-unlimited-ocr-portable\src\trapo-client\node_modules\argparse\package.json"
"aria-hidden","1.2.6","MIT","C:\Users\Bangonkali\Desktop\Projects\uocr\baidu-unlimited-ocr-portable\src\trapo-client\node_modules\aria-hidden\package.json"
"aria-query","5.3.0","Apache-2.0","C:\Users\Bangonkali\Desktop\Projects\uocr\baidu-unlimited-ocr-portable\src\trapo-client\node_modules\@testing-library\dom\node_modules\aria-query\package.json"
"aria-query","5.3.2","Apache-2.0","C:\Users\Bangonkali\Desktop\Projects\uocr\baidu-unlimited-ocr-portable\src\trapo-client\node_modules\aria-query\package.json"
"assertion-error","2.0.1","MIT","C:\Users\Bangonkali\Desktop\Projects\uocr\baidu-unlimited-ocr-portable\src\trapo-client\node_modules\assertion-error\package.json"
"ast-types","0.16.1","MIT","C:\Users\Bangonkali\Desktop\Projects\uocr\baidu-unlimited-ocr-portable\src\trapo-client\node_modules\ast-types\package.json"
"axe-core","4.12.1","MPL-2.0","C:\Users\Bangonkali\Desktop\Projects\uocr\baidu-unlimited-ocr-portable\src\trapo-client\node_modules\axe-core\package.json"
"babel-dead-code-elimination","1.0.12","MIT","C:\Users\Bangonkali\Desktop\Projects\uocr\baidu-unlimited-ocr-portable\src\trapo-client\node_modules\babel-dead-code-elimination\package.json"
"bail","2.0.2","MIT","C:\Users\Bangonkali\Desktop\Projects\uocr\baidu-unlimited-ocr-portable\src\trapo-client\node_modules\bail\package.json"
"balanced-match","4.0.4","MIT","C:\Users\Bangonkali\Desktop\Projects\uocr\baidu-unlimited-ocr-portable\src\trapo-client\node_modules\balanced-match\package.json"
"baseline-browser-mapping","2.10.40","Apache-2.0","C:\Users\Bangonkali\Desktop\Projects\uocr\baidu-unlimited-ocr-portable\src\trapo-client\node_modules\baseline-browser-mapping\package.json"
"benchmark","1.0.0","ISC","C:\Users\Bangonkali\Desktop\Projects\uocr\baidu-unlimited-ocr-portable\src\trapo-client\node_modules\fast-uri\benchmark\package.json"
"brace-expansion","5.0.7","MIT","C:\Users\Bangonkali\Desktop\Projects\uocr\baidu-unlimited-ocr-portable\src\trapo-client\node_modules\brace-expansion\package.json"
"browserslist","4.28.4","MIT","C:\Users\Bangonkali\Desktop\Projects\uocr\baidu-unlimited-ocr-portable\src\trapo-client\node_modules\browserslist\package.json"
"bundle-name","4.1.0","MIT","C:\Users\Bangonkali\Desktop\Projects\uocr\baidu-unlimited-ocr-portable\src\trapo-client\node_modules\bundle-name\package.json"
"caniuse-lite","1.0.30001799","CC-BY-4.0","C:\Users\Bangonkali\Desktop\Projects\uocr\baidu-unlimited-ocr-portable\src\trapo-client\node_modules\caniuse-lite\package.json"
"ccount","2.0.1","MIT","C:\Users\Bangonkali\Desktop\Projects\uocr\baidu-unlimited-ocr-portable\src\trapo-client\node_modules\ccount\package.json"
"chai","5.3.3","MIT","C:\Users\Bangonkali\Desktop\Projects\uocr\baidu-unlimited-ocr-portable\src\trapo-client\node_modules\chai\package.json"
"character-entities","2.0.2","MIT","C:\Users\Bangonkali\Desktop\Projects\uocr\baidu-unlimited-ocr-portable\src\trapo-client\node_modules\character-entities\package.json"
"character-entities-html4","2.1.0","MIT","C:\Users\Bangonkali\Desktop\Projects\uocr\baidu-unlimited-ocr-portable\src\trapo-client\node_modules\character-entities-html4\package.json"
"character-entities-legacy","3.0.0","MIT","C:\Users\Bangonkali\Desktop\Projects\uocr\baidu-unlimited-ocr-portable\src\trapo-client\node_modules\character-entities-legacy\package.json"
"character-reference-invalid","2.0.1","MIT","C:\Users\Bangonkali\Desktop\Projects\uocr\baidu-unlimited-ocr-portable\src\trapo-client\node_modules\character-reference-invalid\package.json"
"check-error","2.1.3","MIT","C:\Users\Bangonkali\Desktop\Projects\uocr\baidu-unlimited-ocr-portable\src\trapo-client\node_modules\check-error\package.json"
"chokidar","5.0.0","MIT","C:\Users\Bangonkali\Desktop\Projects\uocr\baidu-unlimited-ocr-portable\src\trapo-client\node_modules\chokidar\package.json"
"cliui","8.0.1","ISC","C:\Users\Bangonkali\Desktop\Projects\uocr\baidu-unlimited-ocr-portable\src\trapo-client\node_modules\cliui\package.json"
"cmdk","1.1.1","MIT","C:\Users\Bangonkali\Desktop\Projects\uocr\baidu-unlimited-ocr-portable\src\trapo-client\node_modules\cmdk\package.json"
"color-convert","2.0.1","MIT","C:\Users\Bangonkali\Desktop\Projects\uocr\baidu-unlimited-ocr-portable\src\trapo-client\node_modules\color-convert\package.json"
"color-name","1.1.4","MIT","C:\Users\Bangonkali\Desktop\Projects\uocr\baidu-unlimited-ocr-portable\src\trapo-client\node_modules\color-name\package.json"
"comma-separated-tokens","2.0.3","MIT","C:\Users\Bangonkali\Desktop\Projects\uocr\baidu-unlimited-ocr-portable\src\trapo-client\node_modules\comma-separated-tokens\package.json"
"commander","15.0.0","MIT","C:\Users\Bangonkali\Desktop\Projects\uocr\baidu-unlimited-ocr-portable\src\trapo-client\node_modules\commander\package.json"
"compare-versions","6.1.1","MIT","C:\Users\Bangonkali\Desktop\Projects\uocr\baidu-unlimited-ocr-portable\src\trapo-client\node_modules\compare-versions\package.json"
"convert-source-map","2.0.0","MIT","C:\Users\Bangonkali\Desktop\Projects\uocr\baidu-unlimited-ocr-portable\src\trapo-client\node_modules\convert-source-map\package.json"
"cookie-es","3.1.1","MIT","C:\Users\Bangonkali\Desktop\Projects\uocr\baidu-unlimited-ocr-portable\src\trapo-client\node_modules\cookie-es\package.json"
"cross-spawn","7.0.6","MIT","C:\Users\Bangonkali\Desktop\Projects\uocr\baidu-unlimited-ocr-portable\src\trapo-client\node_modules\cross-spawn\package.json"
"css.escape","1.5.1","MIT","C:\Users\Bangonkali\Desktop\Projects\uocr\baidu-unlimited-ocr-portable\src\trapo-client\node_modules\css.escape\package.json"
"csstype","3.2.3","MIT","C:\Users\Bangonkali\Desktop\Projects\uocr\baidu-unlimited-ocr-portable\src\trapo-client\node_modules\csstype\package.json"
"debug","4.4.3","MIT","C:\Users\Bangonkali\Desktop\Projects\uocr\baidu-unlimited-ocr-portable\src\trapo-client\node_modules\debug\package.json"
"decode-named-character-reference","1.3.0","MIT","C:\Users\Bangonkali\Desktop\Projects\uocr\baidu-unlimited-ocr-portable\src\trapo-client\node_modules\decode-named-character-reference\package.json"
"deep-eql","5.0.2","MIT","C:\Users\Bangonkali\Desktop\Projects\uocr\baidu-unlimited-ocr-portable\src\trapo-client\node_modules\deep-eql\package.json"
"default-browser","5.5.0","MIT","C:\Users\Bangonkali\Desktop\Projects\uocr\baidu-unlimited-ocr-portable\src\trapo-client\node_modules\default-browser\package.json"
"default-browser-id","5.0.1","MIT","C:\Users\Bangonkali\Desktop\Projects\uocr\baidu-unlimited-ocr-portable\src\trapo-client\node_modules\default-browser-id\package.json"
"define-lazy-prop","3.0.0","MIT","C:\Users\Bangonkali\Desktop\Projects\uocr\baidu-unlimited-ocr-portable\src\trapo-client\node_modules\define-lazy-prop\package.json"
"dequal","2.0.3","MIT","C:\Users\Bangonkali\Desktop\Projects\uocr\baidu-unlimited-ocr-portable\src\trapo-client\node_modules\dequal\package.json"
"detect-libc","2.1.2","Apache-2.0","C:\Users\Bangonkali\Desktop\Projects\uocr\baidu-unlimited-ocr-portable\src\trapo-client\node_modules\detect-libc\package.json"
"detect-node-es","1.1.0","MIT","C:\Users\Bangonkali\Desktop\Projects\uocr\baidu-unlimited-ocr-portable\src\trapo-client\node_modules\detect-node-es\package.json"
"devlop","1.1.0","MIT","C:\Users\Bangonkali\Desktop\Projects\uocr\baidu-unlimited-ocr-portable\src\trapo-client\node_modules\devlop\package.json"
"diff","8.0.4","BSD-3-Clause","C:\Users\Bangonkali\Desktop\Projects\uocr\baidu-unlimited-ocr-portable\src\trapo-client\node_modules\diff\package.json"
"doctrine","3.0.0","Apache-2.0","C:\Users\Bangonkali\Desktop\Projects\uocr\baidu-unlimited-ocr-portable\src\trapo-client\node_modules\doctrine\package.json"
"dom-accessibility-api","0.5.16","MIT","C:\Users\Bangonkali\Desktop\Projects\uocr\baidu-unlimited-ocr-portable\src\trapo-client\node_modules\@testing-library\dom\node_modules\dom-accessibility-api\package.json"
"dom-accessibility-api","0.6.3","MIT","C:\Users\Bangonkali\Desktop\Projects\uocr\baidu-unlimited-ocr-portable\src\trapo-client\node_modules\dom-accessibility-api\package.json"
"electron-to-chromium","1.5.380","ISC","C:\Users\Bangonkali\Desktop\Projects\uocr\baidu-unlimited-ocr-portable\src\trapo-client\node_modules\electron-to-chromium\package.json"
"emoji-regex","8.0.0","MIT","C:\Users\Bangonkali\Desktop\Projects\uocr\baidu-unlimited-ocr-portable\src\trapo-client\node_modules\emoji-regex\package.json"
"empathic","2.0.1","MIT","C:\Users\Bangonkali\Desktop\Projects\uocr\baidu-unlimited-ocr-portable\src\trapo-client\node_modules\empathic\package.json"
"entities","4.5.0","BSD-2-Clause","C:\Users\Bangonkali\Desktop\Projects\uocr\baidu-unlimited-ocr-portable\src\trapo-client\node_modules\entities\package.json"
"es-errors","1.3.0","MIT","C:\Users\Bangonkali\Desktop\Projects\uocr\baidu-unlimited-ocr-portable\src\trapo-client\node_modules\es-errors\package.json"
"esbuild","0.28.1","MIT","C:\Users\Bangonkali\Desktop\Projects\uocr\baidu-unlimited-ocr-portable\src\trapo-client\node_modules\esbuild\package.json"
"escalade","3.2.0","MIT","C:\Users\Bangonkali\Desktop\Projects\uocr\baidu-unlimited-ocr-portable\src\trapo-client\node_modules\escalade\package.json"
"escape-string-regexp","5.0.0","MIT","C:\Users\Bangonkali\Desktop\Projects\uocr\baidu-unlimited-ocr-portable\src\trapo-client\node_modules\escape-string-regexp\package.json"
"esprima","4.0.1","BSD-2-Clause","C:\Users\Bangonkali\Desktop\Projects\uocr\baidu-unlimited-ocr-portable\src\trapo-client\node_modules\esprima\package.json"
"estree-util-is-identifier-name","3.0.0","MIT","C:\Users\Bangonkali\Desktop\Projects\uocr\baidu-unlimited-ocr-portable\src\trapo-client\node_modules\estree-util-is-identifier-name\package.json"
"estree-walker","2.0.2","MIT","C:\Users\Bangonkali\Desktop\Projects\uocr\baidu-unlimited-ocr-portable\src\trapo-client\node_modules\estree-walker\package.json"
"esutils","2.0.3","BSD-2-Clause","C:\Users\Bangonkali\Desktop\Projects\uocr\baidu-unlimited-ocr-portable\src\trapo-client\node_modules\esutils\package.json"
"execa","9.6.1","MIT","C:\Users\Bangonkali\Desktop\Projects\uocr\baidu-unlimited-ocr-portable\src\trapo-client\node_modules\execa\package.json"
"extend","3.0.2","MIT","C:\Users\Bangonkali\Desktop\Projects\uocr\baidu-unlimited-ocr-portable\src\trapo-client\node_modules\extend\package.json"
"fast-deep-equal","3.1.3","MIT","C:\Users\Bangonkali\Desktop\Projects\uocr\baidu-unlimited-ocr-portable\src\trapo-client\node_modules\fast-deep-equal\package.json"
"fast-uri","3.1.2","BSD-3-Clause","C:\Users\Bangonkali\Desktop\Projects\uocr\baidu-unlimited-ocr-portable\src\trapo-client\node_modules\fast-uri\package.json"
"fdir","6.5.0","MIT","C:\Users\Bangonkali\Desktop\Projects\uocr\baidu-unlimited-ocr-portable\src\trapo-client\node_modules\fdir\package.json"
"figures","6.1.0","MIT","C:\Users\Bangonkali\Desktop\Projects\uocr\baidu-unlimited-ocr-portable\src\trapo-client\node_modules\figures\package.json"
"find-up","8.0.0","MIT","C:\Users\Bangonkali\Desktop\Projects\uocr\baidu-unlimited-ocr-portable\src\trapo-client\node_modules\find-up\package.json"
"fs-extra","11.3.5","MIT","C:\Users\Bangonkali\Desktop\Projects\uocr\baidu-unlimited-ocr-portable\src\trapo-client\node_modules\fs-extra\package.json"
"function-bind","1.1.2","MIT","C:\Users\Bangonkali\Desktop\Projects\uocr\baidu-unlimited-ocr-portable\src\trapo-client\node_modules\function-bind\package.json"
"gensync","1.0.0-beta.2","MIT","C:\Users\Bangonkali\Desktop\Projects\uocr\baidu-unlimited-ocr-portable\src\trapo-client\node_modules\gensync\package.json"
"get-caller-file","2.0.5","ISC","C:\Users\Bangonkali\Desktop\Projects\uocr\baidu-unlimited-ocr-portable\src\trapo-client\node_modules\get-caller-file\package.json"
"get-nonce","1.0.1","MIT","C:\Users\Bangonkali\Desktop\Projects\uocr\baidu-unlimited-ocr-portable\src\trapo-client\node_modules\get-nonce\package.json"
"get-stream","9.0.1","MIT","C:\Users\Bangonkali\Desktop\Projects\uocr\baidu-unlimited-ocr-portable\src\trapo-client\node_modules\get-stream\package.json"
"get-tsconfig","4.14.0","MIT","C:\Users\Bangonkali\Desktop\Projects\uocr\baidu-unlimited-ocr-portable\src\trapo-client\node_modules\get-tsconfig\package.json"
"glob","13.0.6","BlueOak-1.0.0","C:\Users\Bangonkali\Desktop\Projects\uocr\baidu-unlimited-ocr-portable\src\trapo-client\node_modules\glob\package.json"
"graceful-fs","4.2.11","ISC","C:\Users\Bangonkali\Desktop\Projects\uocr\baidu-unlimited-ocr-portable\src\trapo-client\node_modules\graceful-fs\package.json"
"hasown","2.0.4","MIT","C:\Users\Bangonkali\Desktop\Projects\uocr\baidu-unlimited-ocr-portable\src\trapo-client\node_modules\hasown\package.json"
"hast-util-to-jsx-runtime","2.3.6","MIT","C:\Users\Bangonkali\Desktop\Projects\uocr\baidu-unlimited-ocr-portable\src\trapo-client\node_modules\hast-util-to-jsx-runtime\package.json"
"hast-util-whitespace","3.0.0","MIT","C:\Users\Bangonkali\Desktop\Projects\uocr\baidu-unlimited-ocr-portable\src\trapo-client\node_modules\hast-util-whitespace\package.json"
"html-url-attributes","3.0.1","MIT","C:\Users\Bangonkali\Desktop\Projects\uocr\baidu-unlimited-ocr-portable\src\trapo-client\node_modules\html-url-attributes\package.json"
"human-signals","8.0.1","Apache-2.0","C:\Users\Bangonkali\Desktop\Projects\uocr\baidu-unlimited-ocr-portable\src\trapo-client\node_modules\human-signals\package.json"
"indent-string","4.0.0","MIT","C:\Users\Bangonkali\Desktop\Projects\uocr\baidu-unlimited-ocr-portable\src\trapo-client\node_modules\indent-string\package.json"
"inline-style-parser","0.2.7","MIT","C:\Users\Bangonkali\Desktop\Projects\uocr\baidu-unlimited-ocr-portable\src\trapo-client\node_modules\inline-style-parser\package.json"
"is-alphabetical","2.0.1","MIT","C:\Users\Bangonkali\Desktop\Projects\uocr\baidu-unlimited-ocr-portable\src\trapo-client\node_modules\is-alphabetical\package.json"
"is-alphanumerical","2.0.1","MIT","C:\Users\Bangonkali\Desktop\Projects\uocr\baidu-unlimited-ocr-portable\src\trapo-client\node_modules\is-alphanumerical\package.json"
"is-core-module","2.16.2","MIT","C:\Users\Bangonkali\Desktop\Projects\uocr\baidu-unlimited-ocr-portable\src\trapo-client\node_modules\is-core-module\package.json"
"is-decimal","2.0.1","MIT","C:\Users\Bangonkali\Desktop\Projects\uocr\baidu-unlimited-ocr-portable\src\trapo-client\node_modules\is-decimal\package.json"
"is-docker","3.0.0","MIT","C:\Users\Bangonkali\Desktop\Projects\uocr\baidu-unlimited-ocr-portable\src\trapo-client\node_modules\is-docker\package.json"
"is-fullwidth-code-point","3.0.0","MIT","C:\Users\Bangonkali\Desktop\Projects\uocr\baidu-unlimited-ocr-portable\src\trapo-client\node_modules\is-fullwidth-code-point\package.json"
"is-hexadecimal","2.0.1","MIT","C:\Users\Bangonkali\Desktop\Projects\uocr\baidu-unlimited-ocr-portable\src\trapo-client\node_modules\is-hexadecimal\package.json"
"is-inside-container","1.0.0","MIT","C:\Users\Bangonkali\Desktop\Projects\uocr\baidu-unlimited-ocr-portable\src\trapo-client\node_modules\is-inside-container\package.json"
"is-lite","2.0.0","MIT","C:\Users\Bangonkali\Desktop\Projects\uocr\baidu-unlimited-ocr-portable\src\trapo-client\node_modules\is-lite\package.json"
"is-plain-obj","4.1.0","MIT","C:\Users\Bangonkali\Desktop\Projects\uocr\baidu-unlimited-ocr-portable\src\trapo-client\node_modules\is-plain-obj\package.json"
"is-stream","4.0.1","MIT","C:\Users\Bangonkali\Desktop\Projects\uocr\baidu-unlimited-ocr-portable\src\trapo-client\node_modules\is-stream\package.json"
"is-unicode-supported","2.1.0","MIT","C:\Users\Bangonkali\Desktop\Projects\uocr\baidu-unlimited-ocr-portable\src\trapo-client\node_modules\is-unicode-supported\package.json"
"is-wsl","3.1.1","MIT","C:\Users\Bangonkali\Desktop\Projects\uocr\baidu-unlimited-ocr-portable\src\trapo-client\node_modules\is-wsl\package.json"
"isbot","5.1.44","Unlicense","C:\Users\Bangonkali\Desktop\Projects\uocr\baidu-unlimited-ocr-portable\src\trapo-client\node_modules\isbot\package.json"
"isexe","2.0.0","ISC","C:\Users\Bangonkali\Desktop\Projects\uocr\baidu-unlimited-ocr-portable\src\trapo-client\node_modules\isexe\package.json"
"jiti","2.7.0","MIT","C:\Users\Bangonkali\Desktop\Projects\uocr\baidu-unlimited-ocr-portable\src\trapo-client\node_modules\jiti\package.json"
"js-tokens","4.0.0","MIT","C:\Users\Bangonkali\Desktop\Projects\uocr\baidu-unlimited-ocr-portable\src\trapo-client\node_modules\js-tokens\package.json"
"js-yaml","4.2.0","MIT","C:\Users\Bangonkali\Desktop\Projects\uocr\baidu-unlimited-ocr-portable\src\trapo-client\node_modules\js-yaml\package.json"
"jsesc","3.1.0","MIT","C:\Users\Bangonkali\Desktop\Projects\uocr\baidu-unlimited-ocr-portable\src\trapo-client\node_modules\jsesc\package.json"
"json-schema-traverse","1.0.0","MIT","C:\Users\Bangonkali\Desktop\Projects\uocr\baidu-unlimited-ocr-portable\src\trapo-client\node_modules\json-schema-traverse\package.json"
"json5","2.2.3","MIT","C:\Users\Bangonkali\Desktop\Projects\uocr\baidu-unlimited-ocr-portable\src\trapo-client\node_modules\json5\package.json"
"jsonfile","6.2.1","MIT","C:\Users\Bangonkali\Desktop\Projects\uocr\baidu-unlimited-ocr-portable\src\trapo-client\node_modules\jsonfile\package.json"
"jsonpointer","5.0.1","MIT","C:\Users\Bangonkali\Desktop\Projects\uocr\baidu-unlimited-ocr-portable\src\trapo-client\node_modules\jsonpointer\package.json"
"leven","4.1.0","MIT","C:\Users\Bangonkali\Desktop\Projects\uocr\baidu-unlimited-ocr-portable\src\trapo-client\node_modules\leven\package.json"
"lightningcss","1.32.0","MPL-2.0","C:\Users\Bangonkali\Desktop\Projects\uocr\baidu-unlimited-ocr-portable\src\trapo-client\node_modules\lightningcss\package.json"
"lightningcss-win32-x64-msvc","1.32.0","MPL-2.0","C:\Users\Bangonkali\Desktop\Projects\uocr\baidu-unlimited-ocr-portable\src\trapo-client\node_modules\lightningcss-win32-x64-msvc\package.json"
"linkify-it","5.0.1","MIT","C:\Users\Bangonkali\Desktop\Projects\uocr\baidu-unlimited-ocr-portable\src\trapo-client\node_modules\linkify-it\package.json"
"ljharb-monorepo-symlink-test","0.0.0","MIT","C:\Users\Bangonkali\Desktop\Projects\uocr\baidu-unlimited-ocr-portable\src\trapo-client\node_modules\resolve\test\resolver\multirepo\package.json"
"locate-path","8.0.0","MIT","C:\Users\Bangonkali\Desktop\Projects\uocr\baidu-unlimited-ocr-portable\src\trapo-client\node_modules\locate-path\package.json"
"longest-streak","3.1.0","MIT","C:\Users\Bangonkali\Desktop\Projects\uocr\baidu-unlimited-ocr-portable\src\trapo-client\node_modules\longest-streak\package.json"
"loupe","3.2.1","MIT","C:\Users\Bangonkali\Desktop\Projects\uocr\baidu-unlimited-ocr-portable\src\trapo-client\node_modules\loupe\package.json"
"lru-cache","11.5.1","BlueOak-1.0.0","C:\Users\Bangonkali\Desktop\Projects\uocr\baidu-unlimited-ocr-portable\src\trapo-client\node_modules\path-scurry\node_modules\lru-cache\package.json"
"lru-cache","5.1.1","ISC","C:\Users\Bangonkali\Desktop\Projects\uocr\baidu-unlimited-ocr-portable\src\trapo-client\node_modules\lru-cache\package.json"
"lucide-react","1.22.0","ISC","C:\Users\Bangonkali\Desktop\Projects\uocr\baidu-unlimited-ocr-portable\src\trapo-client\node_modules\lucide-react\package.json"
"lunr","2.3.9","MIT","C:\Users\Bangonkali\Desktop\Projects\uocr\baidu-unlimited-ocr-portable\src\trapo-client\node_modules\lunr\package.json"
"lz-string","1.5.0","MIT","C:\Users\Bangonkali\Desktop\Projects\uocr\baidu-unlimited-ocr-portable\src\trapo-client\node_modules\lz-string\package.json"
"magic-string","0.30.21","MIT","C:\Users\Bangonkali\Desktop\Projects\uocr\baidu-unlimited-ocr-portable\src\trapo-client\node_modules\magic-string\package.json"
"markdown-it","14.2.0","MIT","C:\Users\Bangonkali\Desktop\Projects\uocr\baidu-unlimited-ocr-portable\src\trapo-client\node_modules\markdown-it\package.json"
"markdown-table","3.0.4","MIT","C:\Users\Bangonkali\Desktop\Projects\uocr\baidu-unlimited-ocr-portable\src\trapo-client\node_modules\markdown-table\package.json"
"mdast-util-find-and-replace","3.0.2","MIT","C:\Users\Bangonkali\Desktop\Projects\uocr\baidu-unlimited-ocr-portable\src\trapo-client\node_modules\mdast-util-find-and-replace\package.json"
"mdast-util-from-markdown","2.0.3","MIT","C:\Users\Bangonkali\Desktop\Projects\uocr\baidu-unlimited-ocr-portable\src\trapo-client\node_modules\mdast-util-from-markdown\package.json"
"mdast-util-gfm","3.1.0","MIT","C:\Users\Bangonkali\Desktop\Projects\uocr\baidu-unlimited-ocr-portable\src\trapo-client\node_modules\mdast-util-gfm\package.json"
"mdast-util-gfm-autolink-literal","2.0.1","MIT","C:\Users\Bangonkali\Desktop\Projects\uocr\baidu-unlimited-ocr-portable\src\trapo-client\node_modules\mdast-util-gfm-autolink-literal\package.json"
"mdast-util-gfm-footnote","2.1.0","MIT","C:\Users\Bangonkali\Desktop\Projects\uocr\baidu-unlimited-ocr-portable\src\trapo-client\node_modules\mdast-util-gfm-footnote\package.json"
"mdast-util-gfm-strikethrough","2.0.0","MIT","C:\Users\Bangonkali\Desktop\Projects\uocr\baidu-unlimited-ocr-portable\src\trapo-client\node_modules\mdast-util-gfm-strikethrough\package.json"
"mdast-util-gfm-table","2.0.0","MIT","C:\Users\Bangonkali\Desktop\Projects\uocr\baidu-unlimited-ocr-portable\src\trapo-client\node_modules\mdast-util-gfm-table\package.json"
"mdast-util-gfm-task-list-item","2.0.0","MIT","C:\Users\Bangonkali\Desktop\Projects\uocr\baidu-unlimited-ocr-portable\src\trapo-client\node_modules\mdast-util-gfm-task-list-item\package.json"
"mdast-util-mdx-expression","2.0.1","MIT","C:\Users\Bangonkali\Desktop\Projects\uocr\baidu-unlimited-ocr-portable\src\trapo-client\node_modules\mdast-util-mdx-expression\package.json"
"mdast-util-mdx-jsx","3.2.0","MIT","C:\Users\Bangonkali\Desktop\Projects\uocr\baidu-unlimited-ocr-portable\src\trapo-client\node_modules\mdast-util-mdx-jsx\package.json"
"mdast-util-mdxjs-esm","2.0.1","MIT","C:\Users\Bangonkali\Desktop\Projects\uocr\baidu-unlimited-ocr-portable\src\trapo-client\node_modules\mdast-util-mdxjs-esm\package.json"
"mdast-util-phrasing","4.1.0","MIT","C:\Users\Bangonkali\Desktop\Projects\uocr\baidu-unlimited-ocr-portable\src\trapo-client\node_modules\mdast-util-phrasing\package.json"
"mdast-util-to-hast","13.2.1","MIT","C:\Users\Bangonkali\Desktop\Projects\uocr\baidu-unlimited-ocr-portable\src\trapo-client\node_modules\mdast-util-to-hast\package.json"
"mdast-util-to-markdown","2.1.2","MIT","C:\Users\Bangonkali\Desktop\Projects\uocr\baidu-unlimited-ocr-portable\src\trapo-client\node_modules\mdast-util-to-markdown\package.json"
"mdast-util-to-string","4.0.0","MIT","C:\Users\Bangonkali\Desktop\Projects\uocr\baidu-unlimited-ocr-portable\src\trapo-client\node_modules\mdast-util-to-string\package.json"
"mdurl","2.0.0","MIT","C:\Users\Bangonkali\Desktop\Projects\uocr\baidu-unlimited-ocr-portable\src\trapo-client\node_modules\mdurl\package.json"
"micromark","4.0.2","MIT","C:\Users\Bangonkali\Desktop\Projects\uocr\baidu-unlimited-ocr-portable\src\trapo-client\node_modules\micromark\package.json"
"micromark-core-commonmark","2.0.3","MIT","C:\Users\Bangonkali\Desktop\Projects\uocr\baidu-unlimited-ocr-portable\src\trapo-client\node_modules\micromark-core-commonmark\package.json"
"micromark-extension-gfm","3.0.0","MIT","C:\Users\Bangonkali\Desktop\Projects\uocr\baidu-unlimited-ocr-portable\src\trapo-client\node_modules\micromark-extension-gfm\package.json"
"micromark-extension-gfm-autolink-literal","2.1.0","MIT","C:\Users\Bangonkali\Desktop\Projects\uocr\baidu-unlimited-ocr-portable\src\trapo-client\node_modules\micromark-extension-gfm-autolink-literal\package.json"
"micromark-extension-gfm-footnote","2.1.0","MIT","C:\Users\Bangonkali\Desktop\Projects\uocr\baidu-unlimited-ocr-portable\src\trapo-client\node_modules\micromark-extension-gfm-footnote\package.json"
"micromark-extension-gfm-strikethrough","2.1.0","MIT","C:\Users\Bangonkali\Desktop\Projects\uocr\baidu-unlimited-ocr-portable\src\trapo-client\node_modules\micromark-extension-gfm-strikethrough\package.json"
"micromark-extension-gfm-table","2.1.1","MIT","C:\Users\Bangonkali\Desktop\Projects\uocr\baidu-unlimited-ocr-portable\src\trapo-client\node_modules\micromark-extension-gfm-table\package.json"
"micromark-extension-gfm-tagfilter","2.0.0","MIT","C:\Users\Bangonkali\Desktop\Projects\uocr\baidu-unlimited-ocr-portable\src\trapo-client\node_modules\micromark-extension-gfm-tagfilter\package.json"
"micromark-extension-gfm-task-list-item","2.1.0","MIT","C:\Users\Bangonkali\Desktop\Projects\uocr\baidu-unlimited-ocr-portable\src\trapo-client\node_modules\micromark-extension-gfm-task-list-item\package.json"
"micromark-factory-destination","2.0.1","MIT","C:\Users\Bangonkali\Desktop\Projects\uocr\baidu-unlimited-ocr-portable\src\trapo-client\node_modules\micromark-factory-destination\package.json"
"micromark-factory-label","2.0.1","MIT","C:\Users\Bangonkali\Desktop\Projects\uocr\baidu-unlimited-ocr-portable\src\trapo-client\node_modules\micromark-factory-label\package.json"
"micromark-factory-space","2.0.1","MIT","C:\Users\Bangonkali\Desktop\Projects\uocr\baidu-unlimited-ocr-portable\src\trapo-client\node_modules\micromark-factory-space\package.json"
"micromark-factory-title","2.0.1","MIT","C:\Users\Bangonkali\Desktop\Projects\uocr\baidu-unlimited-ocr-portable\src\trapo-client\node_modules\micromark-factory-title\package.json"
"micromark-factory-whitespace","2.0.1","MIT","C:\Users\Bangonkali\Desktop\Projects\uocr\baidu-unlimited-ocr-portable\src\trapo-client\node_modules\micromark-factory-whitespace\package.json"
"micromark-util-character","2.1.1","MIT","C:\Users\Bangonkali\Desktop\Projects\uocr\baidu-unlimited-ocr-portable\src\trapo-client\node_modules\micromark-util-character\package.json"
"micromark-util-chunked","2.0.1","MIT","C:\Users\Bangonkali\Desktop\Projects\uocr\baidu-unlimited-ocr-portable\src\trapo-client\node_modules\micromark-util-chunked\package.json"
"micromark-util-classify-character","2.0.1","MIT","C:\Users\Bangonkali\Desktop\Projects\uocr\baidu-unlimited-ocr-portable\src\trapo-client\node_modules\micromark-util-classify-character\package.json"
"micromark-util-combine-extensions","2.0.1","MIT","C:\Users\Bangonkali\Desktop\Projects\uocr\baidu-unlimited-ocr-portable\src\trapo-client\node_modules\micromark-util-combine-extensions\package.json"
"micromark-util-decode-numeric-character-reference","2.0.2","MIT","C:\Users\Bangonkali\Desktop\Projects\uocr\baidu-unlimited-ocr-portable\src\trapo-client\node_modules\micromark-util-decode-numeric-character-reference\package.json"
"micromark-util-decode-string","2.0.1","MIT","C:\Users\Bangonkali\Desktop\Projects\uocr\baidu-unlimited-ocr-portable\src\trapo-client\node_modules\micromark-util-decode-string\package.json"
"micromark-util-encode","2.0.1","MIT","C:\Users\Bangonkali\Desktop\Projects\uocr\baidu-unlimited-ocr-portable\src\trapo-client\node_modules\micromark-util-encode\package.json"
"micromark-util-html-tag-name","2.0.1","MIT","C:\Users\Bangonkali\Desktop\Projects\uocr\baidu-unlimited-ocr-portable\src\trapo-client\node_modules\micromark-util-html-tag-name\package.json"
"micromark-util-normalize-identifier","2.0.1","MIT","C:\Users\Bangonkali\Desktop\Projects\uocr\baidu-unlimited-ocr-portable\src\trapo-client\node_modules\micromark-util-normalize-identifier\package.json"
"micromark-util-resolve-all","2.0.1","MIT","C:\Users\Bangonkali\Desktop\Projects\uocr\baidu-unlimited-ocr-portable\src\trapo-client\node_modules\micromark-util-resolve-all\package.json"
"micromark-util-sanitize-uri","2.0.1","MIT","C:\Users\Bangonkali\Desktop\Projects\uocr\baidu-unlimited-ocr-portable\src\trapo-client\node_modules\micromark-util-sanitize-uri\package.json"
"micromark-util-subtokenize","2.1.0","MIT","C:\Users\Bangonkali\Desktop\Projects\uocr\baidu-unlimited-ocr-portable\src\trapo-client\node_modules\micromark-util-subtokenize\package.json"
"micromark-util-symbol","2.0.1","MIT","C:\Users\Bangonkali\Desktop\Projects\uocr\baidu-unlimited-ocr-portable\src\trapo-client\node_modules\micromark-util-symbol\package.json"
"micromark-util-types","2.0.2","MIT","C:\Users\Bangonkali\Desktop\Projects\uocr\baidu-unlimited-ocr-portable\src\trapo-client\node_modules\micromark-util-types\package.json"
"min-indent","1.0.1","MIT","C:\Users\Bangonkali\Desktop\Projects\uocr\baidu-unlimited-ocr-portable\src\trapo-client\node_modules\min-indent\package.json"
"minimatch","10.2.5","BlueOak-1.0.0","C:\Users\Bangonkali\Desktop\Projects\uocr\baidu-unlimited-ocr-portable\src\trapo-client\node_modules\minimatch\package.json"
"minimist","1.2.8","MIT","C:\Users\Bangonkali\Desktop\Projects\uocr\baidu-unlimited-ocr-portable\src\trapo-client\node_modules\minimist\package.json"
"minipass","7.1.3","BlueOak-1.0.0","C:\Users\Bangonkali\Desktop\Projects\uocr\baidu-unlimited-ocr-portable\src\trapo-client\node_modules\minipass\package.json"
"ms","2.1.3","MIT","C:\Users\Bangonkali\Desktop\Projects\uocr\baidu-unlimited-ocr-portable\src\trapo-client\node_modules\ms\package.json"
"mylib","0.0.0","ISC","C:\Users\Bangonkali\Desktop\Projects\uocr\baidu-unlimited-ocr-portable\src\trapo-client\node_modules\resolve\test\resolver\nested_symlinks\mylib\package.json"
"nanoid","3.3.15","MIT","C:\Users\Bangonkali\Desktop\Projects\uocr\baidu-unlimited-ocr-portable\src\trapo-client\node_modules\nanoid\package.json"
"node-releases","2.0.50","MIT","C:\Users\Bangonkali\Desktop\Projects\uocr\baidu-unlimited-ocr-portable\src\trapo-client\node_modules\node-releases\package.json"
"npm-run-path","6.0.0","MIT","C:\Users\Bangonkali\Desktop\Projects\uocr\baidu-unlimited-ocr-portable\src\trapo-client\node_modules\npm-run-path\package.json"
"open","10.2.0","MIT","C:\Users\Bangonkali\Desktop\Projects\uocr\baidu-unlimited-ocr-portable\src\trapo-client\node_modules\open\package.json"
"orval","8.19.0","MIT","C:\Users\Bangonkali\Desktop\Projects\uocr\baidu-unlimited-ocr-portable\src\trapo-client\node_modules\orval\package.json"
"oxc-parser","0.127.0","MIT","C:\Users\Bangonkali\Desktop\Projects\uocr\baidu-unlimited-ocr-portable\src\trapo-client\node_modules\oxc-parser\package.json"
"oxc-resolver","11.21.3","MIT","C:\Users\Bangonkali\Desktop\Projects\uocr\baidu-unlimited-ocr-portable\src\trapo-client\node_modules\oxc-resolver\package.json"
"p-limit","4.0.0","MIT","C:\Users\Bangonkali\Desktop\Projects\uocr\baidu-unlimited-ocr-portable\src\trapo-client\node_modules\p-limit\package.json"
"p-locate","6.0.0","MIT","C:\Users\Bangonkali\Desktop\Projects\uocr\baidu-unlimited-ocr-portable\src\trapo-client\node_modules\p-locate\package.json"
"parse-entities","4.0.2","MIT","C:\Users\Bangonkali\Desktop\Projects\uocr\baidu-unlimited-ocr-portable\src\trapo-client\node_modules\parse-entities\package.json"
"parse-ms","4.0.0","MIT","C:\Users\Bangonkali\Desktop\Projects\uocr\baidu-unlimited-ocr-portable\src\trapo-client\node_modules\parse-ms\package.json"
"path-key","3.1.1","MIT","C:\Users\Bangonkali\Desktop\Projects\uocr\baidu-unlimited-ocr-portable\src\trapo-client\node_modules\path-key\package.json"
"path-key","4.0.0","MIT","C:\Users\Bangonkali\Desktop\Projects\uocr\baidu-unlimited-ocr-portable\src\trapo-client\node_modules\npm-run-path\node_modules\path-key\package.json"
"path-parse","1.0.7","MIT","C:\Users\Bangonkali\Desktop\Projects\uocr\baidu-unlimited-ocr-portable\src\trapo-client\node_modules\path-parse\package.json"
"path-scurry","2.0.2","BlueOak-1.0.0","C:\Users\Bangonkali\Desktop\Projects\uocr\baidu-unlimited-ocr-portable\src\trapo-client\node_modules\path-scurry\package.json"
"pathe","2.0.3","MIT","C:\Users\Bangonkali\Desktop\Projects\uocr\baidu-unlimited-ocr-portable\src\trapo-client\node_modules\pathe\package.json"
"pathval","2.0.1","MIT","C:\Users\Bangonkali\Desktop\Projects\uocr\baidu-unlimited-ocr-portable\src\trapo-client\node_modules\pathval\package.json"
"picocolors","1.1.1","ISC","C:\Users\Bangonkali\Desktop\Projects\uocr\baidu-unlimited-ocr-portable\src\trapo-client\node_modules\picocolors\package.json"
"picomatch","4.0.4","MIT","C:\Users\Bangonkali\Desktop\Projects\uocr\baidu-unlimited-ocr-portable\src\trapo-client\node_modules\picomatch\package.json"
"postcss","8.5.16","MIT","C:\Users\Bangonkali\Desktop\Projects\uocr\baidu-unlimited-ocr-portable\src\trapo-client\node_modules\postcss\package.json"
"prettier","3.9.4","MIT","C:\Users\Bangonkali\Desktop\Projects\uocr\baidu-unlimited-ocr-portable\src\trapo-client\node_modules\prettier\package.json"
"pretty-format","27.5.1","MIT","C:\Users\Bangonkali\Desktop\Projects\uocr\baidu-unlimited-ocr-portable\src\trapo-client\node_modules\pretty-format\package.json"
"pretty-ms","9.3.0","MIT","C:\Users\Bangonkali\Desktop\Projects\uocr\baidu-unlimited-ocr-portable\src\trapo-client\node_modules\pretty-ms\package.json"
"property-information","7.2.0","MIT","C:\Users\Bangonkali\Desktop\Projects\uocr\baidu-unlimited-ocr-portable\src\trapo-client\node_modules\property-information\package.json"
"punycode.js","2.3.1","MIT","C:\Users\Bangonkali\Desktop\Projects\uocr\baidu-unlimited-ocr-portable\src\trapo-client\node_modules\punycode.js\package.json"
"react","19.2.7","MIT","C:\Users\Bangonkali\Desktop\Projects\uocr\baidu-unlimited-ocr-portable\src\trapo-client\node_modules\react\package.json"
"react-docgen","8.0.3","MIT","C:\Users\Bangonkali\Desktop\Projects\uocr\baidu-unlimited-ocr-portable\src\trapo-client\node_modules\react-docgen\package.json"
"react-docgen-typescript","2.4.0","MIT","C:\Users\Bangonkali\Desktop\Projects\uocr\baidu-unlimited-ocr-portable\src\trapo-client\node_modules\react-docgen-typescript\package.json"
"react-dom","19.2.7","MIT","C:\Users\Bangonkali\Desktop\Projects\uocr\baidu-unlimited-ocr-portable\src\trapo-client\node_modules\react-dom\package.json"
"react-innertext","1.1.5","MIT","C:\Users\Bangonkali\Desktop\Projects\uocr\baidu-unlimited-ocr-portable\src\trapo-client\node_modules\react-innertext\package.json"
"react-is","17.0.2","MIT","C:\Users\Bangonkali\Desktop\Projects\uocr\baidu-unlimited-ocr-portable\src\trapo-client\node_modules\react-is\package.json"
"react-joyride","3.1.0","MIT","C:\Users\Bangonkali\Desktop\Projects\uocr\baidu-unlimited-ocr-portable\src\trapo-client\node_modules\react-joyride\package.json"
"react-markdown","10.1.0","MIT","C:\Users\Bangonkali\Desktop\Projects\uocr\baidu-unlimited-ocr-portable\src\trapo-client\node_modules\react-markdown\package.json"
"react-remove-scroll","2.7.2","MIT","C:\Users\Bangonkali\Desktop\Projects\uocr\baidu-unlimited-ocr-portable\src\trapo-client\node_modules\react-remove-scroll\package.json"
"react-remove-scroll-bar","2.3.8","MIT","C:\Users\Bangonkali\Desktop\Projects\uocr\baidu-unlimited-ocr-portable\src\trapo-client\node_modules\react-remove-scroll-bar\package.json"
"react-resizable-panels","3.0.6","MIT","C:\Users\Bangonkali\Desktop\Projects\uocr\baidu-unlimited-ocr-portable\src\trapo-client\node_modules\react-resizable-panels\package.json"
"react-style-singleton","2.2.3","MIT","C:\Users\Bangonkali\Desktop\Projects\uocr\baidu-unlimited-ocr-portable\src\trapo-client\node_modules\react-style-singleton\package.json"
"readdirp","5.0.0","MIT","C:\Users\Bangonkali\Desktop\Projects\uocr\baidu-unlimited-ocr-portable\src\trapo-client\node_modules\readdirp\package.json"
"recast","0.23.12","MIT","C:\Users\Bangonkali\Desktop\Projects\uocr\baidu-unlimited-ocr-portable\src\trapo-client\node_modules\recast\package.json"
"redent","3.0.0","MIT","C:\Users\Bangonkali\Desktop\Projects\uocr\baidu-unlimited-ocr-portable\src\trapo-client\node_modules\redent\package.json"
"remark-gfm","4.0.1","MIT","C:\Users\Bangonkali\Desktop\Projects\uocr\baidu-unlimited-ocr-portable\src\trapo-client\node_modules\remark-gfm\package.json"
"remark-parse","11.0.0","MIT","C:\Users\Bangonkali\Desktop\Projects\uocr\baidu-unlimited-ocr-portable\src\trapo-client\node_modules\remark-parse\package.json"
"remark-rehype","11.1.2","MIT","C:\Users\Bangonkali\Desktop\Projects\uocr\baidu-unlimited-ocr-portable\src\trapo-client\node_modules\remark-rehype\package.json"
"remark-stringify","11.0.0","MIT","C:\Users\Bangonkali\Desktop\Projects\uocr\baidu-unlimited-ocr-portable\src\trapo-client\node_modules\remark-stringify\package.json"
"remeda","2.39.0","MIT","C:\Users\Bangonkali\Desktop\Projects\uocr\baidu-unlimited-ocr-portable\src\trapo-client\node_modules\remeda\package.json"
"require-directory","2.1.1","MIT","C:\Users\Bangonkali\Desktop\Projects\uocr\baidu-unlimited-ocr-portable\src\trapo-client\node_modules\require-directory\package.json"
"require-from-string","2.0.2","MIT","C:\Users\Bangonkali\Desktop\Projects\uocr\baidu-unlimited-ocr-portable\src\trapo-client\node_modules\require-from-string\package.json"
"resolve","1.22.12","MIT","C:\Users\Bangonkali\Desktop\Projects\uocr\baidu-unlimited-ocr-portable\src\trapo-client\node_modules\resolve\package.json"
"resolve-pkg-maps","1.0.0","MIT","C:\Users\Bangonkali\Desktop\Projects\uocr\baidu-unlimited-ocr-portable\src\trapo-client\node_modules\resolve-pkg-maps\package.json"
"rolldown","1.1.3","MIT","C:\Users\Bangonkali\Desktop\Projects\uocr\baidu-unlimited-ocr-portable\src\trapo-client\node_modules\rolldown\package.json"
"run-applescript","7.1.0","MIT","C:\Users\Bangonkali\Desktop\Projects\uocr\baidu-unlimited-ocr-portable\src\trapo-client\node_modules\run-applescript\package.json"
"scheduler","0.27.0","MIT","C:\Users\Bangonkali\Desktop\Projects\uocr\baidu-unlimited-ocr-portable\src\trapo-client\node_modules\scheduler\package.json"
"scroll","3.0.1","MIT","C:\Users\Bangonkali\Desktop\Projects\uocr\baidu-unlimited-ocr-portable\src\trapo-client\node_modules\scroll\package.json"
"scrollparent","2.1.0","ISC","C:\Users\Bangonkali\Desktop\Projects\uocr\baidu-unlimited-ocr-portable\src\trapo-client\node_modules\scrollparent\package.json"
"semver","6.3.1","ISC","C:\Users\Bangonkali\Desktop\Projects\uocr\baidu-unlimited-ocr-portable\src\trapo-client\node_modules\@babel\helper-compilation-targets\node_modules\semver\package.json"
"semver","7.8.5","ISC","C:\Users\Bangonkali\Desktop\Projects\uocr\baidu-unlimited-ocr-portable\src\trapo-client\node_modules\semver\package.json"
"seroval","1.5.4","MIT","C:\Users\Bangonkali\Desktop\Projects\uocr\baidu-unlimited-ocr-portable\src\trapo-client\node_modules\seroval\package.json"
"seroval-plugins","1.5.4","MIT","C:\Users\Bangonkali\Desktop\Projects\uocr\baidu-unlimited-ocr-portable\src\trapo-client\node_modules\seroval-plugins\package.json"
"shebang-command","2.0.0","MIT","C:\Users\Bangonkali\Desktop\Projects\uocr\baidu-unlimited-ocr-portable\src\trapo-client\node_modules\shebang-command\package.json"
"shebang-regex","3.0.0","MIT","C:\Users\Bangonkali\Desktop\Projects\uocr\baidu-unlimited-ocr-portable\src\trapo-client\node_modules\shebang-regex\package.json"
"signal-exit","4.1.0","ISC","C:\Users\Bangonkali\Desktop\Projects\uocr\baidu-unlimited-ocr-portable\src\trapo-client\node_modules\signal-exit\package.json"
"source-map","0.6.1","BSD-3-Clause","C:\Users\Bangonkali\Desktop\Projects\uocr\baidu-unlimited-ocr-portable\src\trapo-client\node_modules\source-map\package.json"
"source-map-js","1.2.1","BSD-3-Clause","C:\Users\Bangonkali\Desktop\Projects\uocr\baidu-unlimited-ocr-portable\src\trapo-client\node_modules\source-map-js\package.json"
"space-separated-tokens","2.0.2","MIT","C:\Users\Bangonkali\Desktop\Projects\uocr\baidu-unlimited-ocr-portable\src\trapo-client\node_modules\space-separated-tokens\package.json"
"storybook","10.4.6","MIT","C:\Users\Bangonkali\Desktop\Projects\uocr\baidu-unlimited-ocr-portable\src\trapo-client\node_modules\storybook\package.json"
"string-argv","0.3.2","MIT","C:\Users\Bangonkali\Desktop\Projects\uocr\baidu-unlimited-ocr-portable\src\trapo-client\node_modules\string-argv\package.json"
"string-width","4.2.3","MIT","C:\Users\Bangonkali\Desktop\Projects\uocr\baidu-unlimited-ocr-portable\src\trapo-client\node_modules\string-width\package.json"
"stringify-entities","4.0.4","MIT","C:\Users\Bangonkali\Desktop\Projects\uocr\baidu-unlimited-ocr-portable\src\trapo-client\node_modules\stringify-entities\package.json"
"strip-ansi","6.0.1","MIT","C:\Users\Bangonkali\Desktop\Projects\uocr\baidu-unlimited-ocr-portable\src\trapo-client\node_modules\strip-ansi\package.json"
"strip-bom","3.0.0","MIT","C:\Users\Bangonkali\Desktop\Projects\uocr\baidu-unlimited-ocr-portable\src\trapo-client\node_modules\strip-bom\package.json"
"strip-final-newline","4.0.0","MIT","C:\Users\Bangonkali\Desktop\Projects\uocr\baidu-unlimited-ocr-portable\src\trapo-client\node_modules\strip-final-newline\package.json"
"strip-indent","3.0.0","MIT","C:\Users\Bangonkali\Desktop\Projects\uocr\baidu-unlimited-ocr-portable\src\trapo-client\node_modules\redent\node_modules\strip-indent\package.json"
"strip-indent","4.1.1","MIT","C:\Users\Bangonkali\Desktop\Projects\uocr\baidu-unlimited-ocr-portable\src\trapo-client\node_modules\strip-indent\package.json"
"style-to-js","1.1.21","MIT","C:\Users\Bangonkali\Desktop\Projects\uocr\baidu-unlimited-ocr-portable\src\trapo-client\node_modules\style-to-js\package.json"
"style-to-object","1.0.14","MIT","C:\Users\Bangonkali\Desktop\Projects\uocr\baidu-unlimited-ocr-portable\src\trapo-client\node_modules\style-to-object\package.json"
"supports-preserve-symlinks-flag","1.0.0","MIT","C:\Users\Bangonkali\Desktop\Projects\uocr\baidu-unlimited-ocr-portable\src\trapo-client\node_modules\supports-preserve-symlinks-flag\package.json"
"tiny-invariant","1.3.3","MIT","C:\Users\Bangonkali\Desktop\Projects\uocr\baidu-unlimited-ocr-portable\src\trapo-client\node_modules\tiny-invariant\package.json"
"tinyglobby","0.2.17","MIT","C:\Users\Bangonkali\Desktop\Projects\uocr\baidu-unlimited-ocr-portable\src\trapo-client\node_modules\tinyglobby\package.json"
"tinyrainbow","2.0.0","MIT","C:\Users\Bangonkali\Desktop\Projects\uocr\baidu-unlimited-ocr-portable\src\trapo-client\node_modules\tinyrainbow\package.json"
"tinyspy","4.0.4","MIT","C:\Users\Bangonkali\Desktop\Projects\uocr\baidu-unlimited-ocr-portable\src\trapo-client\node_modules\tinyspy\package.json"
"trim-lines","3.0.1","MIT","C:\Users\Bangonkali\Desktop\Projects\uocr\baidu-unlimited-ocr-portable\src\trapo-client\node_modules\trim-lines\package.json"
"trough","2.2.0","MIT","C:\Users\Bangonkali\Desktop\Projects\uocr\baidu-unlimited-ocr-portable\src\trapo-client\node_modules\trough\package.json"
"ts-dedent","2.3.0","MIT","C:\Users\Bangonkali\Desktop\Projects\uocr\baidu-unlimited-ocr-portable\src\trapo-client\node_modules\ts-dedent\package.json"
"tsconfig-paths","4.2.0","MIT","C:\Users\Bangonkali\Desktop\Projects\uocr\baidu-unlimited-ocr-portable\src\trapo-client\node_modules\tsconfig-paths\package.json"
"tslib","2.8.1","0BSD","C:\Users\Bangonkali\Desktop\Projects\uocr\baidu-unlimited-ocr-portable\src\trapo-client\node_modules\tslib\package.json"
"type-fest","4.41.0","(MIT OR CC0-1.0)","C:\Users\Bangonkali\Desktop\Projects\uocr\baidu-unlimited-ocr-portable\src\trapo-client\node_modules\type-fest\package.json"
"typedoc","0.28.19","Apache-2.0","C:\Users\Bangonkali\Desktop\Projects\uocr\baidu-unlimited-ocr-portable\src\trapo-client\node_modules\typedoc\package.json"
"typedoc-plugin-coverage","4.0.3","MIT","C:\Users\Bangonkali\Desktop\Projects\uocr\baidu-unlimited-ocr-portable\src\trapo-client\node_modules\typedoc-plugin-coverage\package.json"
"typedoc-plugin-markdown","4.12.0","MIT","C:\Users\Bangonkali\Desktop\Projects\uocr\baidu-unlimited-ocr-portable\src\trapo-client\node_modules\typedoc-plugin-markdown\package.json"
"typescript","5.9.3","Apache-2.0","C:\Users\Bangonkali\Desktop\Projects\uocr\baidu-unlimited-ocr-portable\src\trapo-client\node_modules\typescript\package.json"
"uc.micro","2.1.0","MIT","C:\Users\Bangonkali\Desktop\Projects\uocr\baidu-unlimited-ocr-portable\src\trapo-client\node_modules\uc.micro\package.json"
"undici-types","8.3.0","MIT","C:\Users\Bangonkali\Desktop\Projects\uocr\baidu-unlimited-ocr-portable\src\trapo-client\node_modules\undici-types\package.json"
"unicorn-magic","0.3.0","MIT","C:\Users\Bangonkali\Desktop\Projects\uocr\baidu-unlimited-ocr-portable\src\trapo-client\node_modules\unicorn-magic\package.json"
"unified","11.0.5","MIT","C:\Users\Bangonkali\Desktop\Projects\uocr\baidu-unlimited-ocr-portable\src\trapo-client\node_modules\unified\package.json"
"unist-util-is","6.0.1","MIT","C:\Users\Bangonkali\Desktop\Projects\uocr\baidu-unlimited-ocr-portable\src\trapo-client\node_modules\unist-util-is\package.json"
"unist-util-position","5.0.0","MIT","C:\Users\Bangonkali\Desktop\Projects\uocr\baidu-unlimited-ocr-portable\src\trapo-client\node_modules\unist-util-position\package.json"
"unist-util-stringify-position","4.0.0","MIT","C:\Users\Bangonkali\Desktop\Projects\uocr\baidu-unlimited-ocr-portable\src\trapo-client\node_modules\unist-util-stringify-position\package.json"
"unist-util-visit","5.1.0","MIT","C:\Users\Bangonkali\Desktop\Projects\uocr\baidu-unlimited-ocr-portable\src\trapo-client\node_modules\unist-util-visit\package.json"
"unist-util-visit-parents","6.0.2","MIT","C:\Users\Bangonkali\Desktop\Projects\uocr\baidu-unlimited-ocr-portable\src\trapo-client\node_modules\unist-util-visit-parents\package.json"
"universalify","2.0.1","MIT","C:\Users\Bangonkali\Desktop\Projects\uocr\baidu-unlimited-ocr-portable\src\trapo-client\node_modules\universalify\package.json"
"unplugin","2.3.11","MIT","C:\Users\Bangonkali\Desktop\Projects\uocr\baidu-unlimited-ocr-portable\src\trapo-client\node_modules\@storybook\csf-plugin\node_modules\unplugin\package.json"
"unplugin","3.3.0","MIT","C:\Users\Bangonkali\Desktop\Projects\uocr\baidu-unlimited-ocr-portable\src\trapo-client\node_modules\unplugin\package.json"
"update-browserslist-db","1.2.3","MIT","C:\Users\Bangonkali\Desktop\Projects\uocr\baidu-unlimited-ocr-portable\src\trapo-client\node_modules\update-browserslist-db\package.json"
"use-callback-ref","1.3.3","MIT","C:\Users\Bangonkali\Desktop\Projects\uocr\baidu-unlimited-ocr-portable\src\trapo-client\node_modules\use-callback-ref\package.json"
"use-sidecar","1.1.3","MIT","C:\Users\Bangonkali\Desktop\Projects\uocr\baidu-unlimited-ocr-portable\src\trapo-client\node_modules\use-sidecar\package.json"
"use-sync-external-store","1.6.0","MIT","C:\Users\Bangonkali\Desktop\Projects\uocr\baidu-unlimited-ocr-portable\src\trapo-client\node_modules\use-sync-external-store\package.json"
"vfile","6.0.3","MIT","C:\Users\Bangonkali\Desktop\Projects\uocr\baidu-unlimited-ocr-portable\src\trapo-client\node_modules\vfile\package.json"
"vfile-message","4.0.3","MIT","C:\Users\Bangonkali\Desktop\Projects\uocr\baidu-unlimited-ocr-portable\src\trapo-client\node_modules\vfile-message\package.json"
"vite","8.1.0","MIT","C:\Users\Bangonkali\Desktop\Projects\uocr\baidu-unlimited-ocr-portable\src\trapo-client\node_modules\vite\package.json"
"webpack-virtual-modules","0.6.2","MIT","C:\Users\Bangonkali\Desktop\Projects\uocr\baidu-unlimited-ocr-portable\src\trapo-client\node_modules\webpack-virtual-modules\package.json"
"which","2.0.2","ISC","C:\Users\Bangonkali\Desktop\Projects\uocr\baidu-unlimited-ocr-portable\src\trapo-client\node_modules\which\package.json"
"wrap-ansi","7.0.0","MIT","C:\Users\Bangonkali\Desktop\Projects\uocr\baidu-unlimited-ocr-portable\src\trapo-client\node_modules\wrap-ansi\package.json"
"ws","8.21.0","MIT","C:\Users\Bangonkali\Desktop\Projects\uocr\baidu-unlimited-ocr-portable\src\trapo-client\node_modules\ws\package.json"
"wsl-utils","0.1.0","MIT","C:\Users\Bangonkali\Desktop\Projects\uocr\baidu-unlimited-ocr-portable\src\trapo-client\node_modules\wsl-utils\package.json"
"y18n","5.0.8","ISC","C:\Users\Bangonkali\Desktop\Projects\uocr\baidu-unlimited-ocr-portable\src\trapo-client\node_modules\y18n\package.json"
"yallist","3.1.1","ISC","C:\Users\Bangonkali\Desktop\Projects\uocr\baidu-unlimited-ocr-portable\src\trapo-client\node_modules\yallist\package.json"
"yaml","2.9.0","ISC","C:\Users\Bangonkali\Desktop\Projects\uocr\baidu-unlimited-ocr-portable\src\trapo-client\node_modules\yaml\package.json"
"yargs","17.7.3","MIT","C:\Users\Bangonkali\Desktop\Projects\uocr\baidu-unlimited-ocr-portable\src\trapo-client\node_modules\yargs\package.json"
"yargs-parser","21.1.1","ISC","C:\Users\Bangonkali\Desktop\Projects\uocr\baidu-unlimited-ocr-portable\src\trapo-client\node_modules\yargs-parser\package.json"
"yocto-queue","1.2.2","MIT","C:\Users\Bangonkali\Desktop\Projects\uocr\baidu-unlimited-ocr-portable\src\trapo-client\node_modules\yocto-queue\package.json"
"yoctocolors","2.1.2","MIT","C:\Users\Bangonkali\Desktop\Projects\uocr\baidu-unlimited-ocr-portable\src\trapo-client\node_modules\yoctocolors\package.json"
"zod","4.4.3","MIT","C:\Users\Bangonkali\Desktop\Projects\uocr\baidu-unlimited-ocr-portable\src\trapo-client\node_modules\zod\package.json"
"zwitch","2.0.4","MIT","C:\Users\Bangonkali\Desktop\Projects\uocr\baidu-unlimited-ocr-portable\src\trapo-client\node_modules\zwitch\package.json"
